episode,step,x,z,evaded
1,0,15.35069,122.0869,False
1,1,34.04156,115.8582,False
1,2,50.14548,103.2102,False
1,3,60.4623,87.05326,False
1,4,73.57217,62.34978,False
1,5,87.25679,49.01232,False
1,6,105.7047,41.73866,False
1,7,125.1587,45.08017,False
1,8,140.4273,54.58873,False
1,9,159.0772,74.20524,False
1,10,168.5789,95.34918,False
1,11,175.6465,112.1315,False
1,12,184.1236,132.2255,False
1,13,191.7354,149.8024,False
1,14,201.2171,172.4853,False
1,15,207.9697,188.3615,False
1,16,219.5696,214.4571,False
1,17,226.5004,229.325,False
1,18,236.1667,249.8906,False
1,19,245.8821,270.5218,False
1,20,260.1955,276.1735,False
1,21,283.4343,285.7369,False
1,22,301.338,300.0248,False
1,23,312.7066,309.653,False
1,24,326.3109,327.0398,False
1,25,338.782,346.8974,False
1,26,351.0512,365.9135,False
1,27,359.5651,378.7334,False
1,28,374.6202,401.0952,False
1,29,389.5668,423.2592,False
1,30,407.2279,437.83,True
1,30,405.3604,442.2148,True
1,30,396.9402,439.0358,True
1,30,400.6376,423.4778,False
1,31,427.8533,433.1187,False
1,32,447.3445,435.7173,True
1,32,457.5764,441.5971,True
1,32,450.2665,443.0283,True
1,32,460.9474,435.4296,False
1,33,486.3337,421.4174,False
1,34,491.0153,408.728,False
1,35,492.4953,383.1268,False
1,36,487.1895,363.6935,False
1,37,485.7535,342.5941,False
1,38,480.5573,320.8094,False
1,39,474.9006,301.5205,False
1,40,468.7646,281.2552,False
1,41,461.3804,257.0085,False
1,42,456.2451,239.9046,False
1,43,451.0061,222.5294,False
1,44,443.5666,197.7177,False
1,45,439.0918,183.3428,False
1,46,431.1886,157.8382,False
1,47,423.4287,133.4106,False
1,48,417.9127,116.054,False
1,49,411.4995,96.34406,False
1,50,404.8866,76.55303,False
1,51,383.4836,12.70063,False
1,52,376.6958,-8.011435,False
1,53,372.0851,-21.79915,False
1,54,364.0969,-45.80708,False
1,55,356.7458,-67.83579,False
1,56,352.7142,-79.77054,False
1,57,345.3405,-101.4723,False
1,58,339.1503,-119.3818,False
1,59,329.9166,-146.1902,False
1,60,325.1458,-159.8808,False
1,61,318.5441,-178.8388,False
1,62,310.1071,-202.345,False
1,63,303.8338,-219.5648,False
1,64,294.886,-244.1332,False
1,65,287.964,-263.2365,False
1,66,282.4973,-277.7874,False
1,67,263.4956,-295.0488,False
1,68,241.6807,-300.708,False
1,69,214.9109,-305.8758,False
1,70,193.8374,-310.0775,False
1,71,172.1982,-314.1535,False
1,72,156.7285,-317.1007,False
1,73,128.7816,-322.6625,False
1,74,115.8644,-325.3413,False
1,75,87.4151,-331.62,False
1,76,61.89702,-337.2207,False
1,77,39.52514,-341.8524,False
1,78,27.60415,-344.3747,False
1,79,3.334841,-349.3008,False
1,80,-21.17036,-354.1293,False
1,81,-37.86966,-357.4496,False
1,82,-51.35974,-365.7056,False
1,83,-71.72692,-377.6468,False
1,84,-91.73256,-389.3361,False
1,85,-101.2953,-399.7162,False
1,86,-119.3097,-420.565,False
1,87,-137.5958,-441.2629,False
1,88,-149.8936,-455.0768,False
1,89,-166.8733,-474.2156,False
1,90,-177.8795,-486.6203,False
1,91,-192.4792,-503.177,False
1,92,-208.9512,-521.6129,False
1,93,-215.8199,-536.9769,False
1,94,-221.1896,-551.5913,False
1,95,-230.91,-577.7006,False
1,96,-237.3981,-594.6403,False
1,97,-242.7261,-608.6046,True
1,97,-234.4397,-601.0536,True
1,97,-243.2741,-594.2729,True
1,97,-252.6887,-595.2363,True
1,97,-221.4833,-590.2357,False
1,98,-212.7439,-613.8591,False
1,99,-205.7623,-633.2205,True
1,99,-214.0476,-642.8298,True
1,99,-197.364,-640.4674,True
1,99,-207.8542,-640.4155,True
1,99,-217.0852,-649.2236,True
1,100,-235.0258,-591.0757,False
1,101,-249.0199,-604.7889,True
1,101,-253.8311,-598.1987,False
1,102,-272.3192,-604.1272,False
1,103,-292.0358,-610.2926,False
1,104,-305.8822,-614.6727,False
1,105,-332.8989,-623.1446,False
1,106,-349.6768,-628.3066,False
1,107,-361.8186,-631.9996,True
1,107,-351.674,-617.7927,True
1,107,-350.0046,-629.2103,True
1,107,-347.5171,-636.5245,True
1,107,-326.9419,-616.0982,True
1,108,-287.0988,-637.7485,False
1,109,-304.5707,-642.3286,True
1,109,-304.7894,-639.0477,False
1,110,-315.7681,-651.8437,True
1,110,-316.1659,-638.6099,False
1,111,-336.5847,-654.6456,True
1,111,-341.3062,-640.8624,False
1,112,-351.7694,-653.8339,True
1,112,-364.1131,-648.6113,True
1,112,-361.4848,-653.6548,True
1,112,-363.6942,-647.0187,True
1,112,-369.0693,-641.9988,True
1,113,-308.4824,-640.3906,True
1,113,-315.5645,-639.434,True
1,113,-325.7369,-626.6085,True
1,113,-360.4148,-660.2861,True
1,113,-334.908,-640.075,True
1,114,-279.083,-617.8393,True
1,114,-283.2789,-613.1298,True
1,114,-283.9492,-591.6614,False
1,115,-294.5426,-604.0078,True
1,115,-292.9499,-581.3522,False
1,116,-311.5251,-580.8083,False
1,117,-322.8649,-591.7007,True
1,117,-321.2177,-577.0299,False
1,118,-343.5968,-577.1395,True
1,118,-327.3264,-558.6717,False
1,119,-324.5205,-544.0146,False
1,120,-314.2519,-529.2131,False
1,121,-297.523,-515.2523,False
1,122,-276.5761,-500.0866,False
1,123,-250.2909,-481.0187,False
1,124,-226.4451,-463.7361,False
1,125,-209.2814,-451.2525,False
1,126,-192.5247,-439.3885,False
1,127,-175.1735,-427.3983,False
1,128,-157.0889,-415.3045,False
1,129,-141.4157,-405.0699,False
1,130,-117.8651,-389.7779,False
1,131,-97.71992,-376.551,False
1,132,-81.5937,-365.5902,False
1,133,-63.61885,-353.3166,False
1,134,-48.88933,-343.3531,False
1,135,-27.01121,-328.5178,False
1,136,-5.040761,-313.5194,False
1,137,8.061666,-297.792,False
1,138,23.9541,-285.948,False
1,139,39.06971,-269.9487,False
1,140,54.84459,-256.4875,False
1,141,69.22044,-240.5498,False
1,142,78.43918,-220.1176,False
1,143,85.93404,-192.6522,False
1,144,93.5803,-164.5882,False
1,145,97.87106,-148.2657,False
1,146,104.5791,-122.5763,False
1,147,110.5786,-100.5406,False
1,148,114.4882,-85.20285,False
1,149,121.0707,-58.37621,False
1,150,126.8671,-33.9908,False
1,151,131.2354,-15.53081,False
1,152,137.7223,12.95184,False
1,153,142.6121,35.96917,False
1,154,146.0545,52.09178,False
1,155,150.9592,74.26404,False
1,156,154.6504,90.82544,False
1,157,161.3746,104.1433,False
1,158,176.7558,127.6453,False
1,159,187.0327,143.2652,False
1,160,195.4701,156.306,False
1,161,208.999,177.6179,False
1,162,225.3493,193.4184,False
1,163,248.6935,211.8989,False
1,164,265.4175,225.2795,False
1,165,279.8579,237.0225,False
1,166,295.0592,249.5498,False
1,167,313.3199,264.7076,False
1,168,328.2346,276.8589,False
1,169,347.5398,292.6997,False
1,170,366.4047,308.4134,False
1,171,380.0705,319.925,False
1,172,397.6436,334.5308,False
1,173,417.3467,350.6754,False
1,174,431.4644,362.4497,False
1,175,447.993,376.4492,False
1,176,456.9182,390.3868,True
1,176,456.9604,381.9101,True
1,176,467.1222,382.3162,True
1,176,463.7786,374.3265,True
1,176,451.0622,386.9449,True
1,177,416.5991,360.2158,False
1,178,426.9147,377.6665,False
1,179,439.3557,400.0624,True
1,179,441.4324,392.9685,True
1,179,430.2191,392.1276,False
1,180,436.4088,415.3977,False
1,181,443.2085,440.4933,True
1,181,439.4104,440.865,True
1,181,431.208,444.8832,False
1,182,425.8641,464.5029,False
1,183,426.6357,481.8181,True
1,183,420.8456,480.063,False
1,184,423.2318,501.5762,True
1,184,428.3118,504.834,True
1,184,421.7435,508.5981,False
1,185,422.7985,531.4333,True
1,185,421.3864,537.9205,False
1,186,432.0975,558.2477,True
1,186,422.2457,560.3481,False
1,187,432.2672,573.6113,True
1,187,439.3256,586.5718,True
1,187,436.9551,590.8354,False
1,188,446.657,605.2095,True
1,188,448.3321,592.5001,True
1,188,436.9909,598.8267,False
1,189,447.1085,617.1828,True
1,189,446.1368,603.2848,True
1,189,436.8772,610.6633,False
1,190,447.8261,624.5905,True
1,190,452.4226,619.1982,True
1,190,443.255,625.8265,True
1,190,438.6038,632.0939,True
1,190,431.617,627.7408,True
1,191,433.3735,573.3599,True
1,191,436.7954,565.8361,True
1,191,415.1879,576.3685,False
1,192,420.9958,589.38,True
1,192,397.11,575.2264,False
1,193,380.7583,578.7292,False
1,194,357.4991,577.7617,False
1,195,336.5373,571.8513,False
1,196,319.0933,563.188,False
1,197,309.5022,546.9252,False
1,198,309.6933,533.8677,False
1,199,309.849,518.3538,False
1,200,310.0175,493.8819,False
1,201,309.9933,470.8981,False
1,202,309.986,444.3284,False
1,203,309.9616,424.8277,False
1,204,310.1403,398.2176,False
1,205,310.3325,380.3041,False
1,206,310.6669,354.2507,False
1,207,310.835,326.8241,False
1,208,310.967,304.8151,False
1,209,310.9845,253.7903,False
1,210,311.1201,185.2496,False
1,211,274.1329,138.3403,False
1,212,235.6334,90.16429,False
1,213,203.9793,51.37442,False
1,214,165.6059,5.250496,False
1,215,149.6064,-14.29438,False
1,216,99.79797,-75.20488,False
1,217,54.09923,-131.6804,False
1,218,37.03558,-152.9334,False
1,219,22.58589,-170.6215,False
1,220,-27.63212,-169.4475,False
1,221,-47.23982,-169.7606,False
1,222,-60.53142,-170.0473,False
1,223,-100.8355,-171.0014,False
1,224,-173.0777,-172.7193,False
1,225,-234.662,-174.2722,False
1,226,-290.4761,-175.5989,False
1,227,-342.0469,-203.68,False
1,228,-398.6582,-240.6243,False
1,229,-417.9032,-252.91,False
1,230,-441.3279,-267.2818,False
1,231,-458.7375,-278.0309,False
1,232,-503.6694,-305.5568,False
1,233,-522.9155,-317.2511,False
1,234,-534.0036,-324.1478,True
1,234,-516.4039,-332.2549,False
1,235,-526.345,-343.974,False
1,236,-534.9703,-354.0032,False
1,237,-575.4211,-400.6582,True
1,237,-588.2334,-355.1229,False
1,238,-608.6352,-367.1118,True
1,238,-611.6567,-343.3049,True
1,238,-517.2201,-373.2708,True
1,238,-547.3649,-311.2171,False
1,239,-560.9216,-322.7436,False
1,240,-599.1794,-373.2049,True
1,240,-579.3653,-387.7646,True
1,240,-599.8416,-314.5871,False
1,241,-599.8472,-359.5547,True
1,241,-594.7175,-292.9724,False
1,242,-571.2567,-338.9313,True
1,242,-613.9148,-333.1129,False
1,243,-616.3806,-356.079,True
1,243,-670.5018,-409.8381,True
1,243,-657.0752,-407.5049,True
1,243,-687.6871,-383.6047,True
1,243,-652.2316,-384.6547,True
1,244,-483.5256,-465.6016,True
1,244,-449.8641,-425.3005,True
1,244,-358.3382,-461.0925,False
1,245,-313.3929,-468.0522,False
1,246,-307.2071,-459.9906,False
1,247,-253.7858,-447.1495,False
1,248,-197.0826,-437.2491,False
1,249,-186.314,-435.4156,False
1,250,-164.9228,-431.6546,False
1,251,-107.2863,-421.6053,False
1,252,-44.91414,-411.0537,False
1,253,11.10801,-401.5538,False
1,254,49.72194,-395.0455,False
1,255,119.5601,-383.431,False
1,256,135.1894,-380.83,False
1,257,148.0043,-378.6991,False
1,258,173.3402,-374.2668,False
1,259,244.4,-361.5894,False
1,260,270.1334,-357.0339,False
1,261,334.2137,-345.0871,False
2,0,248.3067,-188.4631,False
2,1,265.5026,-198.4308,False
2,2,279.8448,-211.4038,False
2,3,334.247,-239.2519,False
2,4,332.6399,-254.3822,False
2,5,320.8974,-255.3382,False
2,6,310.7122,-270.0725,False
2,7,305.4605,-282.1342,False
2,8,287.6009,-300.2999,False
2,9,265.8574,-306.0995,False
2,10,246.8207,-310.0303,False
2,11,223.6299,-315.0849,False
2,12,205.0657,-319.1718,False
2,13,186.9709,-327.2068,False
2,14,163.8521,-340.3709,False
2,15,150.3353,-348.0377,False
2,16,126.9461,-361.1213,False
2,17,110.8685,-370.2069,False
2,18,87.9264,-382.9402,False
2,19,67.70117,-390.7246,False
2,20,51.17891,-396.5935,False
2,21,22.86696,-406.669,False
2,22,6.041178,-412.6622,False
2,23,-20.58692,-422.0602,False
2,24,-38.49825,-428.4507,False
2,25,-55.43937,-434.5366,False
2,26,-77.16839,-442.7189,False
2,27,-90.689,-447.8095,False
2,28,-110.2784,-459.5339,False
2,29,-125.3063,-466.6053,False
2,30,-142.321,-477.0667,False
2,31,-157.087,-481.3867,False
2,32,-168.2768,-488.9529,False
2,33,-181.9144,-504.0163,False
2,34,-192.4463,-516.5659,False
2,35,-208.2081,-528.3848,False
2,36,-231.1664,-542.062,False
2,37,-246.0551,-551.142,False
2,38,-270.8778,-566.247,False
2,39,-285.7411,-575.1677,False
2,40,-302.9065,-590.79,False
2,41,-315.9314,-610.5042,True
2,41,-358.2657,-644.769,True
2,41,-321.2959,-602.9659,True
2,41,-306.456,-645.907,True
2,41,-352.7694,-628.8937,False
2,42,-361.6512,-639.2124,True
2,42,-353.1625,-635.0599,True
2,42,-357.9115,-635.57,True
2,42,-366.9048,-637.174,True
2,42,-369.5929,-632.2386,True
2,43,-319.8831,-609.5222,True
2,43,-325.286,-604.7759,False
2,44,-327.7685,-623.2246,True
2,44,-321.3536,-612.2571,True
2,44,-334.9489,-607.0665,True
2,44,-334.6369,-614.3755,True
2,44,-340.4236,-609.2925,True
2,45,-303.679,-569.8533,False
2,46,-302.8105,-586.3018,True
2,46,-296.6448,-574.1832,False
2,47,-281.8554,-580.4667,False
2,48,-262.2789,-582.3758,False
2,49,-241.3172,-580.7708,False
2,50,-224.8168,-576.6866,False
2,51,-207.745,-572.3501,False
2,52,-182.2925,-565.954,False
2,53,-163.7978,-561.3818,False
2,54,-144.4886,-556.68,False
2,55,-119.2521,-550.4847,False
2,56,-93.43216,-544.2847,False
2,57,-77.37826,-540.5211,False
2,58,-57.72347,-536.0805,False
2,59,-36.75554,-531.6103,False
2,60,-14.5116,-527.0875,False
2,61,2.621308,-523.5036,False
2,62,27.68143,-518.5134,False
2,63,45.76324,-514.7361,False
2,64,117.5214,-498.6326,False
2,65,167.3531,-487.9131,False
2,66,191.003,-482.8066,False
2,67,215.6991,-477.6506,False
2,68,272.2139,-465.1494,False
3,0,-32.34975,98.6244,False
3,1,-22.29421,115.6535,False
3,2,-5.979323,129.5961,False
3,3,12.58956,131.674,False
3,4,27.41984,122.7039,False
3,5,36.13702,111.8614,False
3,6,44.75344,101.5725,False
3,7,61.52723,81.10807,False
3,8,77.73895,60.7662,False
3,9,91.87943,47.79147,False
3,10,89.54102,38.00838,False
3,11,96.27568,21.1243,False
3,12,113.4298,5.648564,False
3,13,127.989,-9.551455,False
3,14,143.5563,-23.64987,False
3,15,154.5467,-38.19932,False
3,16,165.6962,-53.34079,False
3,17,181.7071,-60.17426,False
3,18,190.204,-67.04413,False
3,19,201.6256,-80.18675,False
3,20,217.0564,-90.90106,False
3,21,232.8094,-104.4991,False
3,22,254.1715,-118.4576,False
3,23,276.6576,-129.6258,False
3,24,293.4873,-137.9419,False
3,25,312.9529,-147.7315,False
3,26,323.972,-157.955,False
3,27,339.7924,-169.1371,False
3,28,353.4254,-174.3188,False
3,29,380.6708,-182.3079,False
3,30,392.823,-185.9767,False
3,31,420.1291,-194.3173,False
3,32,438.5177,-194.2982,False
3,33,456.5777,-183.7415,False
3,34,460.5269,-166.7881,False
3,35,463.5185,-148.7226,False
3,36,467.1146,-128.7515,False
3,37,471.0302,-107.3482,False
3,38,474.0661,-90.01472,False
3,39,477.5457,-68.99181,False
3,40,479.9801,-55.50737,False
3,41,484.7352,-28.86975,False
3,42,487.5849,-12.90467,False
3,43,490.9063,5.554418,False
3,44,495.5975,33.47545,False
3,45,498.4093,51.81594,False
3,46,501.5079,70.72629,False
3,47,511.3597,129.3107,False
3,48,514.6,149.2232,False
3,49,518.6022,175.7968,False
3,50,527.4512,198.3244,False
3,51,534.4312,212.8452,False
3,52,548.9601,231.741,False
3,53,567.0579,243.6014,False
3,54,628.1029,276.5646,True
3,54,611.0557,279.8304,False
3,55,650.4373,305.8691,True
3,55,616.3092,271.7512,True
3,55,579.6418,351.46,True
3,55,557.8478,304.5439,False
3,56,555.5084,319.5021,True
3,56,552.9407,251.2322,False
3,57,597.9579,237.4115,False
3,58,659.0512,212.5736,True
3,58,605.809,223.528,False
3,59,617.7372,213.9361,True
3,59,530.9774,248.8649,False
3,60,578.1715,242.0356,False
3,61,593.2572,247.2207,False
3,62,607.9988,259.835,True
3,62,612.3777,247.0119,True
3,62,615.4235,256.6091,False
3,63,628.8013,268.5152,True
3,63,624.5338,250.1557,True
3,63,599.7537,270.5772,False
3,64,601.6088,287.7524,False
3,65,603.362,305.4636,False
3,66,608.8199,327.2151,False
3,67,617.8505,349.9487,False
3,68,624.9984,367.9282,True
3,68,601.0901,395.7566,False
3,69,595.2399,415.9318,True
3,69,600.4234,414.4223,True
3,69,578.6911,455.482,True
3,69,581.382,437.2394,True
3,69,612.2962,399.0295,True
3,70,605.1824,350.7888,True
3,70,641.8431,346.9796,True
3,70,578.9982,384.8085,True
3,70,540.2816,362.9336,False
3,71,571.1591,405.4772,False
3,72,611.3941,376.0529,True
3,72,588.585,450.0638,True
3,72,552.4152,439.5749,True
3,72,577.1896,460.8404,True
3,72,531.5982,425.0331,False
3,73,510.4735,418.6561,False
3,74,521.5091,410.4456,False
3,75,513.2742,402.9202,False
3,76,500.9787,382.5858,False
3,77,491.8389,367.3605,False
3,78,483.1805,353.0487,False
3,79,448.1437,294.736,False
3,80,436.3469,274.9737,False
3,81,428.2534,261.7516,False
3,82,413.9464,238.0218,False
3,83,403.2661,220.757,False
3,84,390.8942,200.8008,False
3,85,380.6744,184.675,False
3,86,368.0154,164.8374,False
3,87,357.7541,148.9408,False
3,88,343.6903,127.4212,False
3,89,334.0767,112.6797,False
3,90,293.5202,52.46919,False
3,91,283.1075,36.68562,False
3,92,268.9761,15.24467,False
3,93,260.052,1.658522,False
3,94,244.8508,-21.46485,False
3,95,234.7429,-36.73339,False
3,96,224.5886,-46.82944,False
3,97,208.3309,-54.90941,False
3,98,189.39,-64.30632,False
3,99,165.3647,-76.14316,False
3,100,134.9633,-91.18506,False
3,101,113.6026,-101.6085,False
3,102,51.71017,-132.0094,False
3,103,25.89864,-144.9021,False
3,104,-25.66245,-171.2662,False
3,105,-80.04002,-198.7537,False
3,106,-128.1878,-223.0241,False
3,107,-191.8259,-255.8316,False
3,108,-243.5572,-282.5992,False
3,109,-268.347,-295.7152,False
3,110,-317.4071,-321.9343,False
3,111,-360.8304,-344.9802,False
3,112,-381.66,-356.0208,False
3,113,-394.8236,-363.0968,False
3,114,-416.8998,-374.8986,False
3,115,-473.4691,-404.2368,True
3,115,-469.9261,-442.2785,True
3,115,-467.9604,-388.1498,True
3,115,-427.197,-426.426,False
3,116,-437.0775,-444.4195,True
3,116,-411.6423,-488.5828,False
3,117,-399.0277,-563.4788,False
3,118,-395.4147,-583.8945,False
3,119,-395.7019,-609.3903,True
3,119,-380.1494,-609.1172,True
3,119,-393.1109,-625.2078,True
3,119,-309.041,-559.6641,False
3,120,-298.9256,-571.1632,False
3,121,-292.7795,-584.017,False
3,122,-264.4175,-642.1449,True
3,122,-270.6981,-612.2259,True
3,122,-406.2801,-606.0391,True
3,122,-323.5737,-589.9882,False
3,123,-305.0213,-595.5574,False
3,124,-297.4515,-590.2474,False
3,125,-280.9566,-581.2139,False
3,126,-232.282,-554.7538,False
3,127,-174.6897,-522.9522,False
3,128,-132.772,-499.7213,False
3,129,-73.19344,-466.0417,False
3,130,-31.83796,-442.584,False
3,131,30.5544,-406.9822,False
3,132,82.01076,-377.112,False
3,133,102.7573,-364.8863,False
3,134,114.6929,-357.8076,False
3,135,137.9781,-336.8926,False
3,136,189.8945,-294.2172,False
3,137,221.4791,-268.3511,False
3,138,275.7373,-292.6006,False
3,139,291.9424,-294.4702,False
3,140,382.1549,-306.043,False
4,0,-87.6944,146.3067,False
4,1,-75.62497,163.7827,False
4,2,-19.47646,193.2079,False
4,3,2.908107,158.1375,False
4,4,13.45132,145.1072,False
4,5,27.2522,133.0729,False
4,6,73.35637,81.06699,False
4,7,108.8529,77.41984,False
4,8,122.1338,66.87212,False
4,9,133.7269,51.73975,False
4,10,201.3792,16.42631,False
4,11,211.9861,5.58373,False
4,12,218.8719,-19.02717,False
4,13,242.5468,-99.75646,False
4,14,246.9882,-114.4182,False
4,15,256.1704,-143.319,False
4,16,284.3835,-231.5255,False
4,17,288.2301,-243.6744,False
4,18,296.1168,-268.5426,False
4,19,315.9296,-331.3426,False
5,0,-0.01107417,-133.8438,False
5,1,21.98098,-152.2794,False
5,2,61.19181,-152.5016,False
5,3,69.95682,-135.5256,False
5,4,75.55712,-119.4235,False
5,5,81.87753,-101.1551,False
5,6,90.27375,-87.02464,False
5,7,104.3268,-74.84182,False
5,8,120.3876,-67.50743,False
5,9,138.3193,-69.24967,False
5,10,155.2604,-78.56237,False
5,11,168.5291,-94.73953,False
5,12,184.6042,-119.6706,False
5,13,193.9332,-134.2137,False
5,14,207.0885,-154.1375,False
5,15,223.1648,-169.0038,False
5,16,236.2366,-187.7265,False
5,17,288.2635,-184.8659,False
5,18,348.1766,-178.5786,False
5,19,359.8852,-177.3656,False
5,20,382.0073,-174.9642,False
5,21,403.9245,-172.6332,False
5,22,425.4074,-170.381,False
5,23,502.9256,-162.9735,False
5,24,546.8313,-195.4222,False
5,25,560.5423,-205.1217,False
6,0,-24.2539,98.21686,False
6,1,-5.80596,93.6482,False
6,2,7.612979,82.45261,False
6,3,4.330799,65.39925,False
6,4,-2.623459,12.42221,False
6,5,-11.34132,-59.35102,False
6,6,-17.35893,-110.9624,False
6,7,-24.38808,-169.904,False
6,8,-27.60782,-195.6062,False
6,9,-30.34609,-217.6892,False
6,10,-32.84305,-237.9745,False
6,11,-35.77242,-263.1035,False
6,12,-37.71251,-280.0878,False
6,13,-42.86454,-325.2419,False
6,14,-50.59069,-394.2865,False
6,15,-115.8855,-453.528,False
6,16,-132.8585,-464.0716,False
6,17,-192.6178,-488.4561,False
6,18,-255.526,-514.5195,False
6,19,-270.9357,-520.9932,False
6,20,-363.3748,-561.4326,True
6,20,-390.0415,-595.6601,True
6,20,-386.4028,-581.6603,True
6,20,-325.3579,-615.6613,True
6,20,-368.9281,-559.0931,True
6,21,-318.4257,-544.2168,False
6,22,-341.4549,-556.7654,False
6,23,-356.6331,-565.2442,False
6,24,-380.6075,-578.6163,False
6,25,-395.5716,-586.8199,False
6,26,-419.4259,-599.9211,True
6,26,-418.7933,-605.9732,True
6,26,-422.0379,-598.6589,True
6,26,-402.54,-604.9751,True
6,26,-404.2929,-585.1126,True
6,27,-353.5276,-622.3477,True
6,27,-412.0125,-621.731,True
6,27,-391.5009,-628.1437,True
6,27,-405.6858,-630.2467,True
6,27,-409.5015,-620.7068,True
6,28,-396.9096,-574.9628,False
6,29,-385.0528,-586.2411,False
6,30,-364.9573,-593.3749,False
6,31,-350.0762,-592.3657,False
6,32,-329.5691,-590.757,False
6,33,-313.2301,-589.6448,False
6,34,-290.1658,-588.1531,False
6,35,-235.9542,-568.5536,False
6,36,-208.3824,-557.8192,False
6,37,-188.0822,-549.833,False
6,38,-168.1388,-542.1514,False
6,39,-154.4063,-536.9467,False
6,40,-130.1012,-527.4813,False
6,41,-113.0538,-520.9213,False
6,42,-86.55436,-510.3144,False
6,43,-62.26722,-500.807,False
6,44,-43.71341,-493.7636,False
6,45,-20.94757,-485.1927,False
6,46,-3.446132,-478.5789,False
6,47,24.35406,-468.0417,False
6,48,42.10723,-461.2844,False
6,49,67.1235,-451.7737,False
6,50,82.52164,-446.0637,False
6,51,109.2478,-436.0574,False
6,52,135.0758,-426.4466,False
6,53,154.2946,-419.1966,False
6,54,179.6284,-409.7444,False
6,55,200.4312,-401.9969,False
6,56,211.3156,-391.7471,False
6,57,220.1836,-373.3671,False
6,58,227.5443,-344.4121,False
6,59,231.042,-327.2599,False
6,60,234.9252,-307.0811,False
6,61,238.706,-286.5254,False
6,62,241.7684,-269.3177,False
6,63,246.3897,-242.3612,False
6,64,249.4987,-224.7348,False
6,65,253.6073,-202.8919,False
6,66,257.25,-183.7103,False
6,67,261.716,-157.2662,False
6,68,265.3431,-135.5271,False
6,69,269.2632,-108.3276,False
6,70,272.4117,-84.89099,False
6,71,274.6845,-69.44146,False
6,72,278.3239,-44.98963,False
6,73,286.549,-26.95636,False
6,74,295.2168,-10.78207,False
6,75,304.6173,6.830168,False
6,76,312.5682,21.29439,False
6,77,323.7964,41.7823,False
6,78,335.7232,55.33178,False
6,79,355.1096,71.33,False
6,80,374.17,86.79543,False
6,81,385.7945,96.20178,False
6,82,407.4875,113.4384,False
6,83,424.0483,126.5518,False
6,84,439.5497,138.7749,False
6,85,451.1675,147.9319,False
6,86,473.2795,165.297,False
6,87,489.2811,177.9698,False
6,88,500.7536,187.0199,False
6,89,516.2349,199.3091,False
6,90,526.1662,207.1465,False
6,91,541.7156,219.4974,False
6,92,563.4796,236.6512,False
6,93,571.3315,249.0262,False
6,94,580.5588,263.9923,False
6,95,593.9077,285.6338,False
6,96,601.6786,298.2043,False
6,97,615.9066,321.3612,True
6,97,610.2265,324.0558,False
6,98,613.1194,339.278,True
6,98,618.2493,341.2701,True
6,98,607.6165,339.4193,True
6,98,618.1201,326.8953,True
6,98,606.9841,331.6498,False
6,99,636.1036,368.4657,True
6,99,632.2267,366.1324,True
6,99,668.4528,282.1135,True
6,99,658.8666,302.6316,True
6,99,652.1297,298.5535,False
6,100,656.15,320.1956,True
6,100,659.9404,319.4976,True
6,100,664.7042,372.4993,True
6,100,619.3712,285.3288,False
6,101,603.1786,270.9612,False
6,102,589.2595,257.874,False
6,103,570.8624,240.6103,False
6,104,557.8835,228.4558,False
6,105,535.6396,208.1976,False
6,106,521.7562,195.8184,False
6,107,475.5069,153.9053,False
6,108,462.1951,141.8443,False
6,109,446.533,127.7886,False
6,110,428.821,111.951,False
6,111,418.5689,102.8211,False
6,112,361.0842,51.00207,False
6,113,348.3409,39.35403,False
6,114,335.0617,27.05558,False
6,115,315.9607,9.720953,False
6,116,303.4478,-1.406693,False
6,117,285.6827,-17.14234,False
6,118,271.1123,-29.65294,False
6,119,223.2677,-71.62011,False
6,120,201.9386,-90.28065,False
6,121,188.7345,-101.6775,False
6,122,171.3181,-116.6604,False
6,123,155.2226,-123.6188,False
6,124,133.3003,-132.2462,False
6,125,110.3871,-141.2542,False
6,126,94.54311,-147.44,False
6,127,67.56793,-157.8642,False
6,128,49.9847,-164.4866,False
6,129,32.22523,-171.1731,False
6,130,-28.26179,-193.7033,False
6,131,-46.8475,-200.699,False
6,132,-92.77422,-218.2589,False
6,133,-111.6487,-225.4853,False
6,134,-135.4092,-234.5857,False
6,135,-156.2681,-242.5496,False
6,136,-222.6668,-267.8771,False
6,137,-263.3288,-283.3152,False
6,138,-286.0483,-291.8241,False
6,139,-306.2336,-299.4023,False
6,140,-323.81,-305.92,False
6,141,-335.8286,-324.8453,False
6,142,-372.3186,-399.5652,False
6,143,-400.5448,-458.7597,True
6,143,-390.7343,-411.0749,False
6,144,-444.5782,-451.2658,True
6,144,-445.7341,-406.1483,True
6,144,-427.769,-442.3509,True
6,144,-467.9752,-415.4495,False
6,145,-484.6943,-417.2396,True
6,145,-482.6226,-413.294,False
6,146,-498.7137,-418.4801,True
6,146,-497.3088,-414.8359,True
6,146,-503.1794,-404.5878,False
6,147,-526.5532,-442.8475,True
6,147,-526.0662,-426.8082,True
6,147,-488.9428,-416.2824,False
6,148,-504.2432,-421.0409,True
6,148,-502.7004,-415.7081,True
6,148,-501.0678,-411.6006,False
6,149,-508.1001,-416.5559,True
6,149,-509.782,-421.8202,True
6,149,-480.534,-386.8403,True
6,149,-520.7548,-390.9099,True
6,149,-506.2031,-367.9319,False
6,150,-545.8424,-411.65,True
6,150,-571.583,-345.787,False
6,151,-629.8491,-345.1879,True
6,151,-547.8984,-347.7128,False
6,152,-521.217,-345.6065,False
6,153,-504.0176,-344.3306,False
6,154,-477.8056,-359.4368,False
6,155,-426.7211,-405.9542,False
6,156,-410.4245,-416.0474,False
6,157,-353.5421,-399.8652,False
6,158,-292.6149,-383.5885,False
6,159,-253.8567,-372.8428,False
6,160,-195.0996,-355.8403,False
6,161,-180.8221,-351.5754,False
6,162,-157.5729,-344.5182,False
6,163,-140.3119,-339.2403,False
6,164,-118.8694,-332.771,False
6,165,-87.30545,-323.3377,False
6,166,-37.65108,-308.5789,False
6,167,-11.81593,-301.0452,False
6,168,76.40633,-275.4254,False
6,169,130.2341,-259.8895,False
6,170,155.6268,-252.5009,False
6,171,237.5322,-229.3594,False
6,172,298.7358,-212.2568,False
6,173,320.4437,-206.1947,False
6,174,337.9716,-201.3927,False
6,175,357.1946,-196.1857,False
6,176,381.7265,-189.5215,False
6,177,397.7451,-185.1227,False
6,178,424.2412,-177.9251,False
6,179,443.2009,-173.0416,False
6,180,456.8659,-162.3358,False
6,181,466.3221,-144.7883,False
6,182,469.6685,-125.7722,False
6,183,470.1778,-100.826,False
6,184,470.5266,-83.99893,False
6,185,470.9531,-62.14265,False
6,186,471.3878,-39.8045,False
6,187,471.8297,-24.23477,False
6,188,472.2551,-4.876229,False
6,189,472.7213,14.73545,False
6,190,473.3758,35.25817,False
6,191,473.9108,47.91904,False
6,192,475.2312,79.22082,False
6,193,476.2172,95.86687,False
6,194,477.3689,113.4954,False
6,195,478.6572,133.0178,False
6,196,480.196,158.1316,False
6,197,482.076,183.4476,False
6,198,483.5551,203.4616,False
6,199,485.3758,229.6934,False
6,200,486.5912,245.3105,False
6,201,492.8421,269.2285,False
6,202,503.0755,280.8047,False
6,203,520.4047,291.9208,False
6,204,538.1052,303.355,True
6,204,544.3232,300.5281,False
6,205,563.1625,305.3108,False
6,206,588.4686,311.8566,False
6,207,604.3727,311.7405,True
6,207,606.7454,316.8526,True
6,207,599.1103,319.3315,False
6,208,621.0742,324.6008,True
6,208,616.3634,328.8129,True
6,208,628.6106,330.3056,True
6,208,628.3603,338.834,True
6,208,626.9554,312.0839,True
6,209,580.1541,303.349,False
6,210,594.9108,308.0128,True
6,210,599.8635,295.1067,False
6,211,605.6364,275.0568,False
6,212,603.7161,253.9317,False
6,213,596.4803,236.5821,False
6,214,585.7053,215.3895,False
6,215,578.1709,200.6282,False
6,216,567.7435,180.5611,False
6,217,556.9821,159.7976,False
6,218,549.6862,146.0886,False
6,219,538.6696,125.4521,False
6,220,532.8836,114.6866,False
6,221,520.608,91.82133,False
6,222,512.319,76.31635,False
6,223,502.535,58.08377,False
6,224,490.6994,36.38319,False
6,225,482.9273,22.54345,False
6,226,469.4406,-1.786268,False
6,227,461.819,-15.64404,False
6,228,449.7831,-37.08156,False
6,229,442.9407,-49.05721,False
6,230,433.3744,-65.77074,False
6,231,418.7955,-90.98904,False
6,232,409.6011,-106.5601,False
6,233,398.981,-124.176,False
6,234,389.8102,-139.42,False
6,235,375.5852,-163.575,False
6,236,365.4702,-180.7162,False
6,237,351.9947,-203.3965,False
6,238,339.07,-225.0836,False
6,239,328.8978,-241.8237,False
6,240,315.5257,-263.0498,False
6,241,302.167,-273.3252,False
6,242,288.3853,-279.6603,False
6,243,265.5399,-285.7802,False
6,244,241.9046,-290.3149,False
6,245,218.1451,-294.8769,False
6,246,200.2773,-298.2602,False
6,247,175.7012,-302.7836,False
6,248,157.1281,-305.9813,False
6,249,135.6195,-309.8048,False
6,250,117.9514,-312.7591,False
6,251,100.7699,-315.6327,False
6,252,81.48338,-318.8574,False
6,253,61.21127,-322.0191,False
6,254,41.57151,-324.8634,False
6,255,18.76959,-328.2938,False
6,256,4.399142,-330.4196,False
6,257,-10.21888,-336.5808,False
6,258,-33.55035,-348.313,False
6,259,-50.45249,-356.8664,False
6,260,-74.14217,-369.0428,False
6,261,-87.59927,-379.9861,False
6,262,-104.6987,-396.9075,False
6,263,-115.863,-407.8346,False
6,264,-134.1766,-425.9292,False
6,265,-146.08,-437.7625,False
6,266,-166.451,-458.434,False
6,267,-182.8209,-475.0575,False
6,268,-194.3838,-492.164,False
6,269,-203.9656,-506.9835,False
6,270,-216.0219,-525.4529,False
6,271,-226.8363,-541.8134,False
6,272,-237.5283,-558.0281,False
6,273,-241.1968,-571.2472,False
6,274,-247.808,-594.0078,True
6,274,-249.6423,-582.4896,False
6,275,-258.9366,-599.8756,False
6,276,-271.4137,-614.8414,True
6,276,-260.5538,-612.3958,True
6,276,-264.7448,-609.2659,True
6,276,-273.9807,-602.8915,False
6,277,-285.4858,-611.3663,True
6,277,-287.572,-608.9591,True
6,277,-291.7951,-605.5028,False
6,278,-306.2627,-607.7264,False
6,279,-323.8567,-610.2596,True
6,279,-325.1718,-605.2205,True
6,279,-317.6402,-615.2797,False
6,280,-333.4382,-622.3865,True
6,280,-336.0821,-611.5009,False
6,281,-354.0015,-607.7104,True
6,281,-354.2186,-604.5397,True
6,281,-345.8342,-614.9879,False
6,282,-370.79,-623.3071,False
6,283,-387.6815,-628.6731,False
6,284,-410.1479,-635.8073,True
6,284,-412.4755,-647.2001,True
6,284,-413.8535,-643.9962,True
6,284,-417.5044,-637.8287,False
6,285,-432.7683,-645.2269,True
6,285,-440.822,-646.9684,True
6,285,-450.9719,-648.1201,True
6,285,-447.8919,-643.2972,True
6,285,-441.6354,-640.1746,True
6,286,-397.2311,-640.5638,True
6,286,-395.5319,-632.5133,True
6,286,-401.7854,-630.2455,True
6,286,-407.4952,-622.4719,True
6,286,-397.6104,-628.6752,True
6,287,-350.1513,-633.9796,True
6,287,-353.7083,-612.2316,True
6,287,-348.7505,-627.9902,True
6,287,-344.9462,-620.3159,False
6,288,-361.0486,-631.8663,True
6,288,-362.0038,-626.6733,True
6,288,-358.2265,-613.1762,True
6,288,-365.2144,-619.2253,True
6,288,-368.3475,-613.7199,True
6,289,-313.0391,-615.2797,True
6,289,-313.3981,-605.1417,True
6,289,-314.4396,-591.2853,False
6,290,-325.8047,-596.4268,False
6,291,-338.271,-607.8359,True
6,291,-326.506,-603.606,True
6,291,-334.8195,-586.4152,True
6,291,-335.5569,-597.119,False
6,292,-344.4844,-609.3071,True
6,292,-345.822,-600.8786,True
6,292,-342.0844,-582.456,False
6,293,-361.5391,-587.751,False
6,294,-371.0587,-601.9068,True
6,294,-378.7413,-608.1017,True
6,294,-391.0512,-613.0877,True
6,294,-387.1236,-597.1295,True
6,294,-382.8221,-600.2184,True
6,295,-327.3891,-597.3724,False
6,296,-328.385,-610.2938,True
6,296,-332.7487,-604.881,True
6,296,-344.1037,-594.3386,False
6,297,-361.5424,-609.5979,True
6,297,-355.6097,-611.076,True
6,297,-362.8162,-601.3031,False
6,298,-375.4043,-619.8698,True
6,298,-375.9121,-608.0176,True
6,298,-377.2168,-603.6088,True
6,298,-354.6609,-585.2294,True
6,298,-352.3671,-577.8179,False
6,299,-366.6324,-583.1704,False
6,300,-376.0219,-595.5467,True
6,300,-381.0565,-595.9633,True
6,300,-384.5907,-592.5319,False
6,301,-399.2654,-606.7042,True
6,301,-390.5769,-608.3252,False
6,302,-392.9673,-632.6327,True
6,302,-385.2356,-635.5534,True
6,302,-408.5753,-676.7701,True
6,302,-440.3944,-688.408,True
6,302,-464.1099,-647.4786,False
6,303,-451.2408,-690.6556,True
6,303,-486.011,-669.6752,True
6,303,-504.4785,-635.0121,True
6,303,-497.8072,-588.2354,False
6,304,-540.5501,-605.8804,True
6,304,-538.3817,-565.9099,False
6,305,-594.2324,-585.3958,True
6,305,-543.0279,-610.2638,True
6,305,-577.8109,-543.117,True
6,305,-550.8628,-509.2338,False
6,306,-511.6572,-487.2447,False
6,307,-451.6513,-482.2106,False
6,308,-435.3492,-482.0423,False
6,309,-377.0321,-481.7018,False
6,310,-324.9454,-481.4169,False
6,311,-303.0938,-477.9716,False
6,312,-274.4541,-469.3142,False
6,313,-218.4886,-452.2119,False
6,314,-202.5494,-447.2837,False
6,315,-133.5199,-425.4962,False
6,316,-97.33801,-413.9123,False
6,317,-29.52086,-392.2329,False
6,318,51.38612,-366.6995,False
6,319,94.01319,-353.5217,False
6,320,165.8278,-331.4043,False
6,321,212.4827,-317.1596,False
6,322,228.4355,-312.2543,False
6,323,253.4821,-304.54,False
6,324,273.4168,-298.3043,False
6,325,337.0923,-277.9877,False
6,326,356.1962,-271.7668,False
6,327,384.8024,-262.0204,False
6,328,404.976,-255.0078,False
6,329,429.9523,-246.4576,False
6,330,448.3713,-240.0782,False
6,331,475.573,-231.0169,False
6,332,496.9974,-224.1674,False
6,333,501.783,-214.8571,False
6,334,508.5576,-196.0049,False
6,335,514.1234,-174.6312,False
6,336,520.011,-151.5441,False
6,337,523.7864,-136.455,False
6,338,530.5228,-108.9102,False
6,339,534.8569,-91.41859,False
6,340,541.5295,-64.39938,False
6,341,554.9011,-10.04848,False
6,342,558.3628,3.983164,False
6,343,564.8279,30.60052,False
6,344,568.6741,45.59565,False
6,345,576.5372,77.37584,False
6,346,580.7706,95.55803,False
6,347,592.9538,147.9113,False
6,348,598.8372,172.7916,False
6,349,602.3309,187.8953,False
6,350,608.4064,215.6933,False
6,351,612.7534,234.9308,False
6,352,619.0577,262.2083,False
6,353,622.767,278.7682,False
6,354,626.1024,293.9062,False
6,355,631.6865,320.5119,False
6,356,638.5701,325.0676,True
6,356,630.608,329.5064,False
6,357,641.606,341.1284,True
6,357,637.246,343.9389,True
6,357,639.7819,354.4774,True
6,357,635.6377,355.0324,False
6,358,648.6559,368.7644,True
6,358,647.4089,372.8597,True
6,358,643.3602,374.5724,True
6,358,638.0489,372.4297,True
6,358,632.1801,379.576,True
6,359,647.642,318.299,True
6,359,637.3652,315.3504,True
6,359,635.4438,326.0221,False
6,360,647.6328,338.9469,True
6,360,647.8304,345.5547,True
6,360,639.0912,340.289,False
6,361,646.0293,333.5782,True
6,361,652.186,335.6754,True
6,361,644.3405,340.4852,True
6,361,641.084,345.4304,True
6,361,640.5548,352.0193,True
6,362,593.2716,325.8599,False
6,363,602.5989,316.3659,True
6,363,599.8585,322.5853,True
6,363,607.7144,335.9283,False
6,364,632.5758,340.2395,True
6,364,620.539,333.1404,True
6,364,614.6219,348.2462,True
6,364,601.3293,342.9855,False
6,365,609.7303,363.2869,False
6,366,618.0073,383.3037,False
6,367,625.0437,400.2392,True
6,367,631.7412,390.9152,True
6,367,605.8863,390.1389,True
6,367,612.2381,381.9862,True
6,367,576.2535,356.6853,False
6,368,575.0244,378.791,True
6,368,569.8842,372.3366,True
6,368,564.5854,366.1785,True
6,368,526.6039,376.3138,False
6,369,506.9315,373.4916,False
6,370,496.3035,360.446,False
6,371,481.0557,337.667,False
6,372,471.7872,323.9229,False
6,373,457.6999,303.1191,False
6,374,445.7832,285.8031,False
6,375,432.9901,267.4915,False
6,376,418.1274,245.7652,False
6,377,409.4967,233.3889,False
6,378,393.6247,210.6532,False
6,379,382.7942,195.3583,False
6,380,359.9639,164.1068,False
6,381,340.1883,136.7242,False
6,382,305.4303,88.40591,False
6,383,292.7355,70.86705,False
6,384,283.4333,58.36948,False
6,385,264.195,33.31147,False
6,386,250.1578,15.50664,False
6,387,242.2089,5.591536,False
6,388,224.8496,-15.80419,False
6,389,206.5984,-37.48639,False
6,390,180.0643,-68.80872,False
6,391,168.6215,-81.96344,False
6,392,152.3635,-92.41203,False
6,393,129.2685,-105.6338,False
6,394,116.075,-113.1687,False
6,395,35.7601,-158.9337,False
6,396,22.52616,-166.5952,False
6,397,-29.48895,-196.9513,False
6,398,-48.06581,-207.8099,False
6,399,-65.94382,-218.1367,False
7,0,63.50615,-73.99825,False
7,1,60.99899,-93.93276,False
7,2,47.82296,-107.3801,False
7,3,28.21358,-117.8266,False
7,4,13.41826,-124.7699,False
7,5,-6.179689,-133.9083,False
7,6,-27.05608,-143.4844,False
7,7,-40.77512,-156.38,False
7,8,-52.94026,-168.0474,False
7,9,-100.0201,-213.0225,False
7,10,-125.787,-236.9523,False
7,11,-147.1907,-256.6532,False
7,12,-162.9636,-264.0529,False
7,13,-186.1697,-274.0744,False
7,14,-207.3328,-283.2748,False
7,15,-228.4485,-292.5418,False
7,16,-298.7697,-323.4656,False
7,17,-314.7916,-330.5302,False
7,18,-344.0705,-343.2542,False
7,19,-363.4929,-351.7664,False
7,20,-380.2488,-358.9783,False
7,21,-404.8904,-369.5067,False
7,22,-423.5039,-377.4172,False
7,23,-451.5682,-389.2233,True
7,23,-447.4536,-393.0477,True
7,23,-445.9362,-380.5859,True
7,23,-440.9852,-395.2466,True
7,23,-441.3101,-365.9738,False
7,24,-453.4671,-375.3027,True
7,24,-453.9434,-369.6004,False
7,25,-466.8883,-382.9187,True
7,25,-465.6758,-390.7137,False
7,26,-465.6377,-416.6393,True
7,26,-470.6893,-424.6843,False
7,27,-467.7755,-447.2755,True
7,27,-475.8564,-434.4392,False
7,28,-474.7351,-459.3485,True
7,28,-480.3174,-463.348,True
7,28,-468.9572,-457.6857,False
7,29,-459.9182,-477.1483,False
7,30,-445.9546,-507.2233,False
7,31,-450.8188,-525.1116,True
7,31,-437.8539,-518.6261,False
7,32,-440.3052,-538.2087,True
7,32,-432.8127,-540.8641,False
7,33,-435.1107,-568.2809,True
7,33,-429.4129,-564.5509,False
7,34,-438.2046,-579.6019,True
7,34,-431.9944,-582.0137,True
7,34,-414.2906,-568.8463,False
7,35,-416.8988,-586.0233,False
7,36,-427.1815,-604.9963,True
7,36,-432.7648,-600.6873,True
7,36,-415.3248,-599.5577,False
7,37,-423.6514,-623.0168,True
7,37,-425.2057,-547.2136,True
7,37,-404.9932,-524.2158,False
7,38,-406.7711,-511.7451,False
7,39,-394.0034,-441.2139,False
7,40,-380.2367,-383.2151,False
7,41,-374.971,-359.8865,False
7,42,-363.5185,-338.2983,False
7,43,-349.594,-326.6577,False
7,44,-291.3121,-280.5443,False
7,45,-241.7916,-241.4375,False
7,46,-226.7267,-229.3909,False
7,47,-208.118,-214.2479,False
7,48,-191.7885,-200.4469,False
7,49,-171.4598,-182.9686,False
7,50,-153.5716,-167.3531,False
7,51,-140.7353,-156.336,False
7,52,-121.5795,-140.2353,False
7,53,-102.8149,-124.6943,False
7,54,-81.21936,-106.5373,False
7,55,-65.13361,-92.95657,False
7,56,-5.547306,-42.84227,False
7,57,8.159287,-31.30959,False
7,58,23.13012,-18.83982,False
7,59,46.41422,0.6105185,False
7,60,62.2221,13.8634,False
7,61,80.17844,28.88446,False
7,62,93.21676,39.87656,False
7,63,107.8145,60.29144,False
7,64,120.4614,81.81932,False
7,65,132.2117,101.7343,False
7,66,142.7115,119.1384,False
7,67,154.5043,138.2709,False
7,68,169.1083,161.8941,False
7,69,179.8472,179.2164,False
7,70,191.5643,198.5309,False
7,71,203.0204,217.924,False
7,72,214.4768,237.3922,False
7,73,224.1142,253.4123,False
7,74,232.2793,266.5584,False
7,75,250.0807,294.5374,False
7,76,262.2231,313.154,False
7,77,278.1233,336.8051,False
7,78,289.4432,353.294,False
7,79,332.7214,416.2458,False
7,80,369.4738,469.6024,False
7,81,398.5442,512.1383,True
7,81,407.0562,482.3004,False
7,82,420.7647,536.571,True
7,82,421.6523,489.5201,True
7,82,416.2322,494.9664,True
7,82,387.7923,551.731,False
7,83,395.653,550.3306,True
7,83,375.5515,566.733,True
7,83,333.7273,572.1352,False
7,84,390.9604,613.4243,True
7,84,384.8014,611.6382,True
7,84,342.2168,582.5691,False
7,85,383.4748,620.2241,True
7,85,393.084,581.5716,True
7,85,355.0706,628.5855,True
7,85,303.6396,619.0303,True
7,85,282.9448,570.4655,False
7,86,222.5593,551.6984,False
7,87,202.9818,538.3502,False
7,88,191.2817,530.6096,False
7,89,168.263,515.36,False
7,90,117.8198,482.181,False
7,91,75.57203,454.47,False
7,92,19.9165,417.7365,False
7,93,18.82108,402.4566,False
7,94,15.52359,340.0458,False
7,95,13.59122,302.8929,False
7,96,9.27107,241.2457,False
7,97,5.567211,191.4065,False
7,98,0.7610473,109.4445,False
7,99,-5.468525,17.21278,False
7,100,-6.330503,4.571249,False
7,101,-10.59735,-57.92545,False
7,102,-13.86301,-105.5224,False
7,103,-20.77566,-201.6718,False
7,104,-25.26578,-259.9802,False
7,105,-27.22371,-284.1854,False
7,106,-29.16469,-304.4374,False
7,107,-34.41085,-360.8653,False
7,108,-39.59455,-380.5403,False
7,109,-62.66629,-437.0175,False
7,110,-88.02502,-498.757,False
7,111,-131.392,-552.1022,False
7,112,-177.6932,-603.8691,True
7,112,-193.7914,-591.4075,False
7,113,-204.044,-596.9796,True
7,113,-205.6741,-601.6458,True
7,113,-177.1824,-541.4171,False
7,114,-196.8565,-526.3857,False
7,115,-215.1981,-520.2434,False
7,116,-271.8534,-508.1743,False
7,117,-298.6491,-506.9048,False
7,118,-364.5644,-514.7787,True
7,118,-311.7772,-511.8749,True
7,118,-304.1025,-497.2718,False
7,119,-314.9061,-496.6882,False
7,120,-343.7892,-496.6303,False
7,121,-364.8804,-496.36,False
7,122,-388.4072,-496.047,False
7,123,-408.7401,-495.7979,True
7,123,-403.2477,-501.7811,True
7,123,-398.7343,-508.0427,False
7,124,-413.3724,-522.3626,False
7,125,-420.2884,-545.8623,True
7,125,-430.0373,-539.8454,False
7,126,-439.5808,-562.0228,True
7,126,-444.4647,-543.7813,False
7,127,-456.4766,-569.774,False
7,128,-452.3471,-590.5377,False
7,129,-443.0422,-597.0365,True
7,129,-464.0912,-601.0165,False
7,130,-462.4997,-616.9594,True
7,130,-456.7466,-605.9796,True
7,130,-468.3148,-607.2592,True
7,130,-473.1628,-611.0942,False
7,131,-468.1435,-626.3634,True
7,131,-475.8087,-619.6824,True
7,131,-480.4593,-613.7072,True
7,131,-486.6383,-615.2251,True
7,131,-489.7745,-606.5255,True
7,132,-449.0905,-561.3198,False
7,133,-455.4354,-584.1306,True
7,133,-432.5704,-573.084,False
7,134,-426.6943,-593.0013,False
7,135,-439.2436,-609.8389,True
7,135,-438.888,-598.8098,True
7,135,-418.7821,-604.55,True
7,135,-429.7853,-605.3165,False
7,136,-438.9354,-623.9516,True
7,136,-425.1288,-579.4019,True
7,136,-416.3843,-571.8274,True
7,136,-395.0298,-565.1379,False
7,137,-395.4257,-583.8842,False
7,138,-404.5656,-606.1888,True
7,138,-410.6993,-603.6226,True
7,138,-387.3587,-601.6927,False
7,139,-388.7961,-617.5573,True
7,139,-375.9728,-604.857,False
7,140,-353.3259,-605.0898,False
7,141,-327.9883,-602.0231,False
7,142,-307.2697,-599.3178,False
7,143,-286.7021,-590.2734,False
7,144,-271.2219,-582.16,False
7,145,-248.0308,-569.7297,False
7,146,-228.432,-559.5546,False
7,147,-203.3614,-546.7767,False
7,148,-182.9785,-536.1458,False
7,149,-164.9366,-526.8558,False
7,150,-109.4772,-497.8918,False
7,151,-89.46345,-487.3289,False
7,152,-64.51583,-474.077,False
7,153,-48.22387,-465.3696,False
7,154,-23.07854,-451.9597,False
7,155,-4.618715,-442.0994,False
7,156,11.2179,-433.6577,False
7,157,39.72311,-418.2645,False
7,158,57.00116,-408.795,False
7,159,85.17654,-393.5058,False
7,160,101.4894,-384.4993,False
7,161,120.4291,-366.7689,False
7,162,127.5775,-347.1205,False
7,163,133.3103,-329.7467,False
7,164,139.5599,-310.9203,False
7,165,147.0455,-287.5096,False
7,166,151.8,-272.5447,False
7,167,159.9853,-246.5939,False
7,168,166.0905,-227.9213,False
7,169,171.9716,-210.063,False
7,170,180.355,-184.7614,False
7,171,186.4091,-166.7144,False
7,172,194.4024,-143.2431,False
7,173,201.9167,-121.4516,False
7,174,209.781,-97.79256,False
7,175,216.1408,-79.20884,False
7,176,222.8614,-59.66587,False
7,177,231.0169,-36.25393,False
7,178,241.4415,-22.56657,False
7,179,254.6474,-8.217981,False
7,180,267.0749,4.981655,False
7,181,284.5536,23.89404,False
7,182,297.3708,37.76265,False
7,183,317.7988,59.75237,False
7,184,331.4273,74.68199,False
7,185,345.384,89.97279,False
7,186,365.4866,111.5529,False
7,187,375.7236,122.3805,False
7,188,391.1664,138.7541,False
7,189,404.7204,152.8378,False
7,190,421.1604,169.5912,False
7,191,436.2284,184.9776,False
7,192,447.3534,196.4577,False
7,193,468.1573,217.426,False
7,194,482.0271,231.3766,False
7,195,493.9924,252.328,False
7,196,502.9097,269.7605,False
7,197,514.9639,293.1433,False
7,198,525.3584,312.8225,False
7,199,533.4982,328.0392,False
7,200,547.8567,354.1996,True
7,200,546.8988,365.8643,True
7,200,557.2805,357.4636,True
7,200,556.0256,343.5432,True
7,200,531.8334,347.0515,False
7,201,533.8568,364.0129,True
7,201,528.2465,368.1346,False
7,202,532.1312,386.0812,True
7,202,525.2311,375.3461,False
7,203,529.1624,395.3421,True
7,203,523.2936,398.5962,False
7,204,527.3855,411.0687,True
7,204,524.923,419.4423,True
7,204,536.3579,418.2337,False
7,205,541.9265,430.174,True
7,205,548.1614,418.8945,False
7,206,572.8713,418.0407,False
7,207,592.9573,405.2801,True
7,207,590.2948,425.2656,True
7,207,579.0302,403.7422,False
7,208,583.676,390.7444,False
7,209,576.9506,373.8843,False
7,210,564.1681,356.5362,False
7,211,547.598,334.2365,False
7,212,537.0492,320.0916,False
7,213,520.7355,298.1993,False
7,214,511.1111,285.3058,False
7,215,495.5999,264.8799,False
7,216,484.382,250.1862,False
7,217,475.1709,238.3649,False
7,218,455.4738,213.6172,False
7,219,443.6828,198.7744,False
7,220,426.6712,177.55,False
7,221,414.3426,162.408,False
7,222,400.3193,145.1602,False
7,223,386.7829,128.9115,False
7,224,373.1558,113.1577,False
7,225,354.0005,91.78474,False
7,226,340.3548,76.57133,False
7,227,331.1999,66.60995,False
7,228,309.417,43.16366,False
7,229,289.5321,31.1827,False
7,230,274.5629,23.19662,False
7,231,247.7832,8.943645,False
7,232,227.817,-1.549564,False
7,233,209.8683,-10.94078,False
7,234,184.4856,-24.42181,False
7,235,169.0571,-32.83599,False
7,236,141.5885,-48.02602,False
7,237,124.098,-57.63274,False
7,238,104.8522,-68.11483,False
7,239,75.77953,-83.95547,False
7,240,60.42435,-92.41231,False
7,241,33.8247,-107.3626,False
7,242,15.27801,-118.0212,False
7,243,-6.658917,-130.6802,False
7,244,-24.93852,-141.3118,False
7,245,-41.7178,-151.2568,False
7,246,-58.31041,-167.223,False
7,247,-76.02652,-189.7835,False
7,248,-85.98915,-202.513,False
7,249,-98.5849,-218.3437,False
7,250,-115.3539,-239.6598,False
7,251,-126.7538,-254.017,False
7,252,-144.9727,-276.5915,False
7,253,-157.72,-292.2901,False
7,254,-166.6736,-303.2997,False
7,255,-187.1383,-328.0283,False
7,256,-200.7815,-344.199,False
7,257,-238.6722,-388.8307,False
7,258,-257.0031,-410.3235,False
7,259,-267.2096,-421.9379,False
7,260,-288.2539,-445.087,False
7,261,-297.4065,-449.2562,False
7,262,-324.5116,-463.6129,False
7,263,-340.3505,-472.1153,False
7,264,-364.2649,-484.811,False
7,265,-379.7362,-493.0942,False
7,266,-400.2574,-504.0207,True
7,266,-411.23,-501.6508,True
7,266,-406.8221,-509.6587,True
7,266,-401.8807,-516.1413,True
7,266,-410.7512,-495.1124,True
7,267,-356.7806,-484.2009,False
7,268,-383.135,-492.9201,False
7,269,-400.6967,-498.6958,True
7,269,-397.7851,-490.3658,False
7,270,-416.3729,-490.1302,True
7,270,-426.0053,-493.7292,False
7,271,-446.4246,-496.8526,False
7,272,-472.4487,-500.8234,False
7,273,-485.1762,-514.8946,False
7,274,-491.4831,-528.465,True
7,274,-484.152,-522.6837,False
7,275,-479.1052,-545.9522,False
7,276,-462.8198,-567.0905,False
7,277,-447.5275,-573.3176,False
7,278,-422.7102,-579.4047,False
7,279,-406.8774,-582.865,False
7,280,-376.666,-589.4624,False
7,281,-355.3788,-589.1845,False
7,282,-335.259,-589.2477,False
7,283,-317.9326,-582.8643,False
7,284,-297.6487,-575.4924,False
7,285,-276.9152,-567.8403,False
7,286,-254.8504,-559.8107,False
7,287,-236.4641,-553.1873,False
7,288,-220.0306,-547.1212,False
7,289,-189.9239,-536.1315,False
7,290,-170.7173,-529.4241,False
7,291,-152.8183,-523.2872,False
7,292,-122.4096,-512.6235,False
7,293,-103.8726,-506.0613,False
7,294,-73.04927,-495.2035,False
7,295,-15.02751,-475.212,False
7,296,5.130683,-468.0842,False
7,297,36.42159,-456.7581,False
7,298,55.23878,-449.7058,False
7,299,73.53956,-442.7055,False
7,300,87.98424,-437.0892,False
7,301,117.0513,-425.886,False
7,302,137.128,-418.2653,False
7,303,164.2162,-407.814,False
7,304,183.0461,-400.5267,False
7,305,262.5176,-369.1703,False
7,306,323.6646,-344.0531,False
8,0,147.7562,124.0056,False
8,1,164.8873,76.63238,False
8,2,175.3413,18.04305,False
8,3,186.1137,-42.46658,False
8,4,200.2339,-126.2577,False
8,5,152.4718,-127.6848,False
8,6,134.663,-201.6323,False
8,7,115.1936,-280.1455,False
8,8,108.5806,-306.7621,False
8,9,92.05638,-373.3591,False
8,10,88.35617,-443.0449,False
8,11,38.79829,-461.1879,False
8,12,18.97948,-468.2681,False
8,13,-51.03462,-494.2307,False
8,14,-108.0836,-516.0794,False
8,15,-120.9412,-521.0434,False
8,16,-144.3434,-530.3951,False
8,17,-160.8845,-536.9791,False
8,18,-174.9196,-542.5403,False
8,19,-239.4253,-568.4178,False
8,20,-309.851,-620.9577,True
8,20,-339.0185,-585.9888,True
8,20,-351.5905,-538.0342,False
8,21,-400.0236,-547.386,True
8,21,-347.7709,-546.8502,True
8,21,-388.7714,-551.1246,True
8,21,-339.8469,-527.7908,True
8,21,-313.5149,-549.5988,False
8,22,-369.6032,-597.0976,True
8,22,-344.6586,-595.3046,True
8,22,-391.1278,-554.5063,True
8,22,-392.5571,-532.7701,True
8,22,-390.7106,-530.209,True
8,23,-246.6658,-557.0586,False
8,24,-231.3559,-640.5792,True
8,24,-234.4861,-600.2919,False
8,25,-190.485,-593.5886,False
8,26,-163.0766,-544.6192,False
8,27,-106.2121,-517.4009,False
8,28,-48.9567,-489.3689,False
8,29,-0.7667258,-465.8108,False
8,30,49.97371,-440.7459,False
8,31,112.7483,-408.4903,False
8,32,132.4817,-398.381,False
8,33,214.5975,-356.216,False
8,34,267.9061,-327.9607,False
8,35,338.3026,-290.9636,False
8,36,399.9088,-259.5093,False
8,37,420.3801,-249.4708,False
8,38,480.4018,-220.5116,False
8,39,499.104,-211.3453,False
8,40,572.0148,-175.2959,False
8,41,637.7688,-142.447,True
8,41,660.5806,-102.0957,True
8,41,643.1764,-143.5888,True
8,41,633.4578,-117.0875,True
8,41,647.1276,-157.2889,True
8,42,599.9412,-139.1393,True
8,42,616.1338,-134.8397,True
8,42,600.8813,-129.0344,True
8,42,605.2128,-148.3789,False
8,43,625.1144,-158.77,True
8,43,632.8069,-147.7279,True
8,43,624.3108,-165.1799,True
8,43,614.5093,-169.5483,False
8,44,624.5032,-192.7196,True
8,44,616.7342,-186.2451,False
8,45,625.847,-207.8999,True
8,45,623.5715,-214.1268,False
9,0,66.96036,49.95084,False
9,1,84.75368,45.83871,False
9,2,95.70786,39.62854,False
9,3,109.0251,25.4942,False
9,4,126.011,3.610535,False
9,5,138.7014,-12.6087,False
9,6,156.4867,-35.51852,False
9,7,164.2074,-45.59407,False
9,8,179.9126,-66.36076,False
9,9,194.777,-80.88091,False
9,10,212.6262,-93.33636,False
9,11,228.7184,-107.4019,False
9,12,246.8538,-116.5329,False
9,13,266.9341,-125.0431,False
9,14,291.5043,-135.8271,False
9,15,304.8942,-147.3611,False
9,16,322.0785,-156.6616,False
9,17,338.5802,-168.9008,False
9,18,358.172,-175.195,False
9,19,375.0448,-180.631,False
9,20,397.9743,-188.0831,False
9,21,418.9538,-199.2191,False
9,22,431.1494,-210.4278,False
9,23,450.8482,-231.2599,False
10,0,-81.41774,-8.256958,False
10,1,-90.17635,-17.46163,False
10,2,-93.76216,-35.64024,False
10,3,-89.32622,-61.2048,False
10,4,-80.1715,-75.30299,False
10,5,-62.1074,-92.61362,False
10,6,-45.83562,-105.2295,False
10,7,-25.99932,-121.239,False
10,8,-9.564564,-134.8197,False
10,9,6.023871,-148.1769,False
10,10,13.75672,-161.3063,False
10,11,13.15945,-189.507,False
10,12,10.1298,-212.3022,False
10,13,7.910693,-228.9217,False
10,14,4.403309,-254.744,False
10,15,1.882748,-273.1168,False
10,16,4.393783,-296.8459,False
10,17,15.92303,-319.2253,False
10,18,27.2344,-338.5663,False
10,19,42.92756,-365.5533,False
10,20,71.6884,-415.6259,False
10,21,83.28199,-435.8609,False
10,22,98.70202,-462.0835,False
10,23,109.3648,-480.0338,False
10,24,125.0539,-506.733,False
10,25,135.6036,-524.6575,False
10,26,147.6227,-545.2032,False
10,27,162.8987,-571.5671,False
10,28,179.2106,-587.0256,True
10,28,171.6432,-586.1808,False
10,29,191.02,-601.8115,True
10,29,185.9726,-606.2475,True
10,29,172.053,-604.6268,True
10,29,175.7883,-596.3803,True
10,29,184.1791,-574.5524,False
10,30,202.3663,-584.3146,False
11,0,77.19772,58.85367,False
11,1,88.32201,76.71901,False
11,2,102.406,88.61985,False
11,3,118.3276,91.15803,False
11,4,139.0649,79.46888,False
11,5,150.2545,66.64149,False
11,6,165.5675,47.28026,False
11,7,178.7906,30.46895,False
11,8,196.9759,7.16333,False
11,9,209.18,-8.836499,False
11,10,228.4922,-33.95939,False
11,11,241.2668,-50.81723,False
11,12,253.1888,-66.89292,False
11,13,270.7094,-90.67109,False
11,14,282.5152,-106.9339,False
11,15,301.8974,-133.6711,False
11,16,313.032,-149.3887,False
11,17,322.9447,-163.2618,False
11,18,339.8286,-178.6308,False
11,19,361.94,-190.063,False
11,20,383.1728,-199.7139,False
11,21,400.6318,-200.2139,False
11,22,419.6753,-201.0495,False
11,23,442.2383,-202.1934,False
11,24,467.3875,-203.5948,False
11,25,492.1742,-212.4282,False
12,0,48.94419,129.3409,False
12,1,60.70207,138.0317,False
12,2,79.47568,141.3725,False
12,3,97.83754,135.5193,False
12,4,115.6827,125.23,False
12,5,132.331,110.8676,False
12,6,174.8084,70.59606,False
12,7,193.2099,52.92973,False
12,8,207.0836,39.46526,False
12,9,227.054,19.80228,False
12,10,239.92,6.826219,False
12,11,257.0182,-10.7575,False
12,12,265.892,-20.04366,False
12,13,281.1339,-35.83025,False
12,14,294.3765,-49.84626,False
12,15,315.2728,-72.36412,False
12,16,329.6514,-87.82575,False
12,17,347.1169,-107.126,False
12,18,359.1175,-120.69,False
12,19,375.4938,-139.2022,False
12,20,383.8698,-148.7403,False
12,21,399.7591,-166.9389,False
12,22,409.0322,-177.6935,False
12,23,427.4079,-198.8717,False
12,24,438.8334,-212.2564,False
12,25,454.7739,-231.1369,False
13,0,-10.57005,93.61647,False
13,1,-0.5943477,106.6253,False
13,2,15.12761,116.2545,False
13,3,34.72791,116.2338,False
13,4,50.77827,108.4931,False
13,5,68.52296,93.8175,False
13,6,87.28468,73.86742,False
13,7,100.9965,59.28137,False
13,8,122.4518,36.92588,False
13,9,134.0917,24.62154,False
13,10,150.3788,6.908962,False
13,11,163.6325,-7.791959,False
13,12,176.6442,-18.39387,False
13,13,193.754,-27.06248,False
13,14,220.495,-36.46127,False
13,15,237.9144,-42.6826,False
13,16,258.9713,-50.41909,False
13,17,269.4897,-48.1457,False
13,18,282.9544,-50.63992,False
13,19,301.1577,-49.19752,False
13,20,316.9382,-50.10837,False
13,21,329.6495,-46.65283,False
13,22,344.2113,-34.11414,False
13,23,351.9755,-18.06971,False
13,24,362.5044,6.532152,False
13,25,368.8169,20.77414,False
13,26,380.8762,47.85584,False
13,27,388.1634,63.85857,False
13,28,398.4715,87.06122,False
13,29,405.2458,102.2824,False
13,30,417.059,128.2818,False
13,31,425.2191,146.1218,False
13,32,434.0791,165.1993,False
13,33,442.0748,182.1945,False
13,34,451.0614,201.5302,False
13,35,457.1944,214.6467,False
13,36,466.5508,234.785,False
13,37,474.853,252.1518,False
13,38,487.1819,277.7683,False
13,39,495.0267,293.9971,False
13,40,503.1869,306.3621,False
13,41,515.1715,320.2956,False
13,42,521.0819,327.1363,False
13,43,536.4783,338.1416,True
13,43,485.8073,313.5057,False
13,44,543.6241,344.3517,True
13,44,539.9631,397.6367,True
13,44,525.2826,348.5075,True
13,44,565.1393,318.0608,False
13,45,611.0177,315.3725,True
13,45,569.6184,326.4353,False
13,46,593.0603,320.6215,False
13,47,613.3613,314.7487,True
13,47,619.7753,322.1443,True
13,47,552.6431,278.6466,False
13,48,544.0785,269.3,False
13,49,534.6288,255.3239,False
13,50,523.0223,238.3843,False
13,51,491.4631,193.6519,False
13,52,479.6981,177.0285,False
13,53,475.0522,170.5059,False
13,54,458.5018,147.7965,False
13,55,444.847,129.1695,False
13,56,433.5279,113.8543,False
13,57,421.4438,97.64094,False
13,58,381.9229,44.79241,False
13,59,370.2037,29.20317,False
13,60,334.1339,-17.97473,False
13,61,299.6094,-62.78384,False
13,62,262.1233,-112.0211,False
13,63,217.5187,-169.4742,False
13,64,184.8483,-211.3723,False
13,65,116.724,-251.8418,False
13,66,35.33332,-299.8731,False
13,67,-14.60026,-328.8104,False
13,68,-65.75569,-358.4807,False
13,69,-131.888,-396.9007,False
13,70,-150.4599,-407.894,False
13,71,-207.0983,-441.5144,False
13,72,-254.0139,-469.2863,False
13,73,-273.1053,-480.8659,False
13,74,-330.8211,-515.3644,False
13,75,-400.3309,-555.9258,True
13,75,-426.6823,-537.8057,True
13,75,-458.6399,-583.2824,True
13,75,-368.649,-579.5892,False
13,76,-407.0802,-619.2905,True
13,76,-372.6862,-578.5095,True
13,76,-357.9145,-579.8784,False
13,77,-361.1419,-640.6619,True
13,77,-365.7577,-585.2576,True
13,77,-319.4772,-532.2741,False
13,78,-300.9283,-544.2899,False
13,79,-275.2219,-600.4269,False
13,80,-324.8083,-622.9141,True
13,80,-346.1893,-671.9824,True
13,80,-328.9819,-631.6568,True
13,80,-318.4162,-674.3417,True
13,80,-298.5236,-624.649,True
13,81,-281.9476,-528.4809,False
13,82,-267.1626,-523.1636,False
13,83,-247.9101,-512.7103,False
13,84,-225.6601,-500.7307,False
13,85,-214.9072,-494.9675,False
13,86,-154.0643,-462.1169,False
13,87,-130.4221,-449.3241,False
13,88,-113.7009,-440.1494,False
13,89,-54.29554,-407.6078,False
13,90,-35.65901,-397.4795,False
13,91,-14.87476,-386.1183,False
13,92,6.794404,-374.3213,False
13,93,58.90349,-345.3717,False
13,94,78.10378,-328.1316,False
13,95,90.82561,-319.0142,False
13,96,99.37462,-295.4269,False
13,97,101.7965,-278.3093,False
13,98,105.5168,-249.0196,False
13,99,107.7919,-230.8845,False
13,100,111.6076,-200.9002,False
13,101,114.195,-181.4502,False
13,102,117.6028,-156.7256,False
13,103,120.6935,-134.1087,False
13,104,123.3911,-115.2028,False
13,105,131.2079,-55.60781,False
13,106,135.5337,-20.20619,False
13,107,143.1994,38.21069,False
13,108,152.1265,102.9285,False
13,109,160.0628,159.4828,False
13,110,162.6294,177.5674,False
13,111,169.3319,228.7914,False
13,112,184.8271,232.1657,False
13,113,199.6241,244.765,False
13,114,216.2917,258.8513,False
13,115,227.3557,268.2393,False
13,116,280.2683,312.0479,False
13,117,290.598,320.3643,False
13,118,341.0612,360.287,False
13,119,394.1255,401.2377,False
13,120,406.2082,410.3934,True
13,120,359.9916,431.2,False
13,121,371.275,445.9194,True
13,121,341.7777,400.059,False
13,122,382.9495,428.0995,False
13,123,394.5816,436.7404,True
13,123,379.6031,442.2006,True
13,123,398.2749,424.2183,False
13,124,402.8782,440.4781,True
13,124,405.3311,425.6235,False
13,125,451.5131,465.4313,True
13,125,461.9665,457.5023,True
13,125,494.4264,455.635,True
13,125,388.3169,477.8018,False
13,126,393.9334,567.6813,False
13,127,403.5121,655.9151,True
13,127,390.6633,603.7886,False
13,128,419.8865,644.3138,True
13,128,414.2685,656.3926,True
13,128,398.2085,658.586,True
13,128,495.691,601.0723,True
13,128,385.2625,616.945,True
13,129,453.455,487.7306,True
13,129,456.2469,508.2296,True
13,129,423.0516,448.6544,True
13,129,376.282,527.9967,True
13,129,330.6567,501.835,False
13,130,275.4987,521.6902,False
13,131,232.0921,455.3186,False
13,132,180.7544,375.4745,False
13,133,196.2906,323.9602,False
13,134,187.3619,314.1482,False
13,135,182.0211,298.4806,False
13,136,174.1879,276.2262,False
13,137,150.9739,213.0952,False
13,138,140.5298,184.3825,False
13,139,121.7194,132.9144,False
13,140,111.5087,104.5567,False
13,141,81.27644,21.73216,False
13,142,69.29851,-11.22252,False
13,143,61.49197,-32.9336,False
13,144,39.76514,-91.43467,False
13,145,32.75705,-110.2211,False
13,146,24.80578,-131.5022,False
13,147,18.49236,-148.2335,False
13,148,9.662946,-171.2482,False
13,149,2.789349,-189.2247,False
13,150,-6.997327,-214.8449,False
13,151,-15.12877,-235.5426,False
13,152,-21.96155,-252.4134,False
13,153,-33.37501,-279.5866,False
13,154,-41.11076,-289.8408,False
13,155,-62.50595,-313.3257,False
13,156,-78.05284,-322.4025,False
13,157,-90.0194,-328.7413,False
13,158,-118.1779,-343.7318,False
13,159,-134.4324,-352.0394,False
13,160,-161.1824,-365.4437,False
13,161,-184.2749,-376.9769,False
13,162,-203.0884,-386.5309,False
13,163,-226.5088,-398.442,False
13,164,-243.8444,-407.4299,False
13,165,-271.1091,-421.7072,False
13,166,-321.0524,-447.6534,False
13,167,-377.9766,-477.3853,True
13,167,-382.5765,-438.6827,True
13,167,-334.7807,-506.3445,False
13,168,-355.7957,-513.5327,True
13,168,-378.7145,-545.8421,False
13,169,-421.5482,-579.5061,True
13,169,-427.5298,-563.7394,True
13,169,-356.6873,-553.0177,False
13,170,-357.0577,-569.5739,False
13,171,-365.9346,-582.6617,True
13,171,-317.2629,-599.9237,False
13,172,-300.7922,-657.6193,True
13,172,-324.7728,-622.3065,True
13,172,-327.4673,-610.5817,True
13,172,-269.0411,-554.4161,False
13,173,-257.6576,-551.8237,False
13,174,-215.9465,-593.5459,True
13,174,-204.111,-544.8641,False
13,175,-190.7139,-537.5377,False
13,176,-177.8798,-526.1708,False
13,177,-163.564,-513.5109,False
13,178,-142.6306,-495.4384,False
13,179,-98.09981,-457.3024,False
13,180,-79.31088,-441.4857,False
13,181,-68.10326,-432.1512,False
13,182,-48.95822,-416.2638,False
13,183,5.373918,-371.4212,False
13,184,52.46781,-332.3121,False
13,185,98.17896,-294.4328,False
13,186,140.182,-260.2905,False
13,187,159.92,-244.2272,False
13,188,178.0317,-229.6966,False
13,189,189.2509,-172.4749,False
13,190,193.7237,-149.2657,False
13,191,206.2021,-83.03569,False
13,192,208.7473,-70.13635,False
13,193,213.159,-47.37632,False
13,194,222.9505,6.427415,False
13,195,237.8788,89.04062,False
13,196,250.0751,156.6875,False
13,197,256.2422,191.0834,False
13,198,270.2885,273.3886,False
13,199,278.36,320.9223,False
13,200,282.9877,349.7106,False
13,201,293.9001,423.9949,False
13,202,302.5041,480.9912,False
13,203,309.7693,532.2082,False
13,204,319.317,600.2585,True
13,204,356.9135,578.202,True
13,204,279.2682,588.6879,False
13,205,285.8216,636.6045,True
13,205,318.2449,607.6112,True
13,205,246.8162,627.3935,True
13,205,222.7564,593.7386,False
13,206,236.2825,635.2021,True
13,206,205.5107,626.9294,True
13,206,179.8352,594.3208,False
13,207,202.2157,642.3303,True
13,207,168.9109,620.6791,True
13,207,140.0415,603.0526,True
13,207,131.3912,558.608,False
13,208,144.7891,519.096,False
13,209,156.6374,458.039,False
13,210,167.7087,402.3223,False
13,211,178.4517,348.8608,False
13,212,191.6113,283.0392,False
13,213,202.7988,226.9033,False
13,214,172.1631,179.8969,False
13,215,144.7859,137.4284,False
13,216,111.9436,86.60846,False
13,217,83.33807,42.05245,False
13,218,55.13708,-1.733479,False
13,219,20.71984,-55.64227,False
13,220,-7.717244,-100.3776,False
13,221,-34.57693,-142.5017,False
13,222,-67.81481,-195.1069,False
13,223,-96.56875,-240.5082,False
13,224,-128.9715,-291.6748,False
13,225,-157.1759,-336.4753,False
13,226,-210.0645,-347.9778,False
13,227,-261.6006,-360.3232,False
13,228,-326.4565,-375.952,False
13,229,-383.8018,-389.6394,False
13,230,-436.7869,-402.2427,True
13,230,-409.5494,-436.7225,False
13,231,-465.8606,-448.7903,True
13,231,-434.3457,-477.214,True
13,231,-392.8993,-492.4592,False
13,232,-433.7745,-494.107,False
13,233,-500.2967,-502.3283,True
13,233,-471.6976,-532.9727,False
13,234,-510.551,-582.7806,True
13,234,-520.465,-539.8972,True
13,234,-500.931,-497.3562,False
13,235,-552.8753,-496.5852,True
13,235,-526.0764,-539.95,True
13,235,-521.3228,-462.2036,False
13,236,-585.0184,-456.472,False
13,237,-636.9234,-455.9254,True
13,237,-574.5321,-512.7147,True
13,237,-608.3857,-489.9878,True
13,237,-606.7811,-404.3466,True
13,237,-555.0208,-398.3138,False
13,238,-553.0251,-336.4686,False
13,239,-511.6999,-297.4185,False
13,240,-487.1514,-329.5797,False
13,241,-430.2104,-338.5391,False
13,242,-375.6612,-339.5464,False
13,243,-313.685,-340.8098,False
13,244,-259.7942,-342.6733,False
13,245,-219.6525,-306.4185,False
13,246,-180.4962,-269.8758,False
13,247,-130.12,-224.0306,False
13,248,-88.6641,-187.4514,False
13,249,-40.69593,-147.0459,False
13,250,1.606412,-112.6094,False
13,251,41.94648,-79.75043,False
13,252,92.34773,-38.75124,False
13,253,135.068,-4.727723,False
13,254,172.506,24.99333,False
13,255,230.181,69.16486,False
13,256,273.9522,102.0148,False
13,257,319.8535,136.2369,False
13,258,324.6491,187.1984,False
13,259,329.9966,239.0897,False
13,260,338.7529,315.871,False
13,261,344.489,368.1195,False
13,262,351.1091,425.5771,False
13,263,356.7409,478.6455,True
13,263,395.766,452.1035,True
13,263,386.3408,398.3972,False
13,264,404.3872,444.3225,True
13,264,431.0579,419.7353,True
13,264,436.6855,380.5828,False
13,265,483.1093,419.4284,True
13,265,432.3973,431.0692,True
13,265,484.0436,373.8849,True
13,265,466.8951,337.3873,False
13,266,492.3806,372.7633,True
13,266,507.7826,340.1457,False
13,267,543.9502,381.9607,False
13,268,579.0461,422.5332,True
13,268,544.3171,442.1127,False
13,269,580.171,486.3074,False
13,270,616.3333,531.8283,True
13,270,580.7571,543.9712,True
13,270,621.6826,445.3728,True
13,270,630.3505,482.9979,True
13,270,535.5503,512.516,True
13,271,510.4474,348.3048,False
13,272,479.3355,311.6294,False
13,273,446.5073,272.1352,False
13,274,402.7632,219.7763,False
13,275,366.7621,177.6986,False
13,276,328.0946,133.4401,False
13,277,291.5744,91.11024,False
13,278,258.1552,53.58178,False
13,279,211.8571,1.985951,False
13,280,174.8376,-38.17437,False
13,281,129.3405,-86.04624,False
13,282,89.40601,-127.1177,False
13,283,51.40717,-166.3692,False
13,284,2.866724,-214.8367,False
13,285,-35.89879,-253.2221,False
13,286,-73.09706,-290.3105,False
13,287,-120.7564,-337.8859,False
13,288,-162.7146,-378.5921,False
13,289,-203.9342,-417.6923,False
13,290,-262.1115,-415.9093,False
13,291,-303.1641,-453.3194,False
13,292,-347.0183,-492.9227,False
13,293,-386.0891,-527.3515,False
13,294,-425.7892,-561.4208,False
13,295,-481.85,-608.8132,True
13,295,-485.584,-565.9534,True
13,295,-440.5589,-620.4353,True
13,295,-464.7679,-523.8922,False
13,296,-498.2417,-559.5499,True
13,296,-490.27,-515.4487,True
13,296,-510.6016,-471.8041,False
13,297,-553.9194,-505.8609,True
13,297,-547.9624,-507.0439,True
13,297,-541.3107,-490.7704,True
13,297,-588.3838,-478.4828,True
13,297,-501.2839,-485.2273,False
13,298,-542.5892,-505.5326,False
13,299,-562.8151,-516.6617,False
13,300,-605.709,-539.5228,True
13,300,-555.4056,-526.0478,True
13,300,-508.1385,-521.653,True
13,300,-548.4744,-500.444,True
13,300,-525.326,-424.0057,False
13,301,-506.5042,-377.7926,False
13,302,-461.2897,-358.9539,False
13,303,-437.8488,-351.7802,False
13,304,-416.3432,-345.3034,False
13,305,-360.9669,-327.9494,False
13,306,-296.6427,-306.9537,False
13,307,-239.3583,-287.7633,False
13,308,-167.9067,-263.9079,False
13,309,-145.8057,-256.5883,False
13,310,-81.18826,-235.0133,False
13,311,-11.71027,-210.9386,False
13,312,-1.36711,-207.3988,False
13,313,61.40377,-185.5832,False
13,314,155.8456,-152.136,False
13,315,208.4132,-132.6659,False
13,316,297.6615,-98.96935,False
13,317,319.7797,-90.30522,False
13,318,354.6959,-76.3528,False
13,319,417.6408,-51.37695,False
13,320,441.2804,-42.04698,False
13,321,457.3556,-35.73724,False
13,322,513.2206,-13.28416,False
13,323,528.7689,-7.137311,False
13,324,555.7281,3.676201,False
13,325,565.1465,26.45688,False
13,326,583.1064,91.32694,False
13,327,590.5207,118.5275,False
13,328,608.168,183.245,False
13,329,624.6684,241.1355,False
13,330,629.9794,259.5881,False
13,331,637.5122,287.1387,False
13,332,654.4739,349.5668,True
13,332,684.9185,333.7004,True
13,332,658.7427,389.4879,False
13,333,697.1667,432.4592,True
13,333,648.5546,391.3779,False
13,334,655.7828,404.2315,True
13,334,600.7748,357.2671,False
13,335,606.9251,371.257,False
13,336,630.1324,423.6962,True
13,336,597.6995,380.5251,False
13,337,592.0146,395.9998,False
13,338,587.4252,453.8623,False
13,339,602.2059,521.5131,True
13,339,550.0441,501.1194,True
13,339,596.654,487.4099,True
13,339,547.0409,486.7136,False
13,340,534.0013,531.004,True
13,340,530.2099,537.6309,True
13,340,518.5314,477.5518,False
13,341,499.6871,430.4829,False
13,342,472.8836,363.1351,False
13,343,463.726,339.5866,False
13,344,439.3588,276.5058,False
13,345,433.8701,262.0835,False
13,346,403.3551,182.4337,False
13,347,374.2234,105.9283,False
13,348,347.8964,36.33226,False
13,349,338.3173,10.21127,False
13,350,330.1945,-12.24284,False
13,351,302.4384,-88.50023,False
13,352,279.9825,-150.5769,False
13,353,272.4512,-172.39,False
13,354,251.1523,-233.4876,False
13,355,245.1649,-251.1861,False
13,356,234.4231,-283.2232,False
13,357,226.6619,-305.6661,False
13,358,211.3012,-349.8085,False
13,359,203.9461,-371.0055,False
13,360,196.6999,-391.8467,False
13,361,181.5982,-433.4518,False
13,362,172.9725,-457.0558,False
13,363,129.9064,-473.3077,False
13,364,70.80785,-491.074,False
13,365,46.13937,-498.7445,False
13,366,29.61119,-503.9982,False
13,367,-40.78064,-526.6491,False
13,368,-113.7884,-551.3688,False
13,369,-162.8667,-567.9616,False
13,370,-241.2152,-594.2238,False
13,371,-263.5646,-601.6806,False
13,372,-279.6963,-607.0361,False
13,373,-302.1072,-614.3237,False
13,374,-372.7867,-637.8224,True
13,374,-349.9541,-632.414,True
13,374,-345.9798,-558.028,False
13,375,-396.1142,-528.6498,False
13,376,-467.1294,-502.5533,True
13,376,-421.4236,-527.7748,False
13,377,-487.7042,-548.7064,True
13,377,-496.7372,-557.1447,True
13,377,-451.4536,-505.4403,True
13,377,-405.89,-570.2178,False
13,378,-427.046,-628.8996,True
13,378,-450.3615,-647.8685,True
13,378,-454.1135,-623.2272,True
13,378,-470.1887,-601.3064,True
13,378,-394.8597,-664.873,True
13,379,-311.7483,-514.4878,False
13,380,-295.8234,-566.5677,False
13,381,-282.2151,-565.4055,False
13,382,-248.4442,-525.6928,False
13,383,-231.9674,-506.0317,False
13,384,-222.2469,-494.6122,False
13,385,-181.0123,-445.8559,False
13,386,-140.9809,-398.3,False
13,387,-129.6449,-384.9079,False
13,388,-116.6395,-369.5311,False
13,389,-103.9341,-354.6873,False
13,390,-47.28276,-290.0533,False
13,391,13.58497,-253.3576,False
13,392,84.12675,-215.8972,False
13,393,108.5075,-202.9878,False
13,394,118.748,-197.5009,False
13,395,174.7953,-168.1176,False
13,396,200.4785,-154.7294,False
13,397,217.1881,-145.9751,False
13,398,265.4481,-120.7826,False
13,399,273.6054,-106.773,False
14,0,45.53807,-165.6425,False
14,1,129.9514,-145.3824,False
14,2,129.6127,-135.248,False
14,3,133.0386,-117.8946,False
14,4,138.3312,-107.523,False
14,5,151.2425,-98.73602,False
14,6,165.0834,-109.8869,False
14,7,181.7816,-138.7797,False
14,8,215.7832,-196.5502,False
14,9,250.8438,-240.198,False
14,10,298.1405,-272.7473,False
14,11,359.4875,-266.1667,False
14,12,398.2516,-257.6291,False
14,13,433.031,-249.774,False
15,0,101.3034,-126.2368,False
15,1,116.0216,-149.5041,False
15,2,129.4149,-152.1185,False
15,3,141.6691,-117.3862,False
15,4,149.4586,-98.7837,False
15,5,157.6169,-79.39256,False
15,6,168.577,-70.02712,False
15,7,237.7837,-70.13274,False
15,8,308.6576,-52.71817,False
15,9,351.4445,-41.01248,False
15,10,418.6837,-22.58228,False
15,11,482.9684,-4.595831,False
15,12,558.7324,16.73766,False
15,13,614.4606,33.13906,True
15,13,577.4767,26.66399,False
15,14,614.5276,70.73034,True
15,14,588.5126,30.06686,False
15,15,620.9412,75.00015,True
15,15,612.8369,5.289381,True
15,15,564.1641,-10.74799,False
15,16,579.3911,-24.33718,False
15,17,623.3165,-58.41911,True
15,17,604.1284,23.36602,False
15,18,616.317,82.10837,False
15,19,627.6156,141.1447,False
15,20,634.0684,177.1691,False
15,21,651.8731,271.7527,False
15,22,662.4105,328.0238,False
15,23,674.0569,339.502,True
15,23,659.21,359.2086,True
15,23,636.4103,318.8211,False
15,24,670.8942,353.1038,True
15,24,636.7719,365.4612,True
15,24,599.0247,347.8869,True
15,24,576.7818,317.1147,False
15,25,597.4423,363.6796,False
15,26,616.3761,418.1313,False
15,27,663.5287,441.5396,True
15,27,627.4098,466.8777,True
15,27,584.7509,457.5343,True
15,27,654.4304,393.6804,True
15,27,544.4377,424.3174,False
15,28,562.7759,474.5596,True
15,28,528.9075,463.1696,True
15,28,502.4259,428.2727,False
15,29,523.4238,467.41,True
15,29,495.1125,453.9305,True
15,29,478.7097,403.8051,False
15,30,456.6408,399.9207,False
15,31,450.3033,391.8516,False
15,32,436.2063,367.3927,False
15,33,425.3747,349.2272,False
15,34,410.6031,324.2115,False
15,35,404.1973,313.3324,False
15,36,380.72,273.416,False
15,37,355.0983,228.8001,False
15,38,328.2276,182.224,False
15,39,298.4411,130.5558,False
15,40,272.9214,85.35938,False
15,41,243.3085,33.12758,False
15,42,218.3672,-11.1062,False
15,43,194.7687,-52.79829,False
15,44,164.6893,-106.2647,False
15,45,139.0461,-151.7037,False
15,46,110.9397,-201.8647,False
15,47,82.34059,-252.7043,False
15,48,56.86459,-298.9924,False
15,49,30.07449,-347.4333,False
15,50,2.295568,-397.5839,False
15,51,-46.66267,-421.0775,False
15,52,-98.47426,-444.7523,False
15,53,-156.7787,-472.1504,False
15,54,-210.5709,-497.9797,False
15,55,-260.6328,-522.475,False
15,56,-320.0996,-551.386,False
15,57,-373.5242,-577.7813,False
15,58,-423.2253,-602.7591,True
15,58,-388.1885,-626.5527,True
15,58,-428.197,-559.0797,False
15,59,-463.7491,-581.4861,False
15,60,-524.6733,-616.9791,True
15,60,-520.5533,-575.6068,True
15,60,-481.3618,-631.8344,True
15,60,-442.2605,-622.754,True
15,60,-487.3017,-521.1257,False
15,61,-536.2116,-532.244,True
15,61,-529.053,-496.694,True
15,61,-499.0636,-464.2431,False
15,62,-538.6966,-475.4935,True
15,62,-546.1743,-438.5196,False
15,63,-566.795,-481.9906,True
15,63,-585.6545,-451.1738,True
15,63,-566.5991,-416.1718,False
15,64,-595.2289,-457.8578,True
15,64,-612.0137,-425.1459,True
15,64,-604.021,-387.9613,False
15,65,-632.6102,-431.1399,True
15,65,-655.1724,-407.2607,True
15,65,-583.8475,-332.3714,False
15,66,-544.8912,-298.7116,False
15,67,-519.8409,-332.8969,False
15,68,-462.2039,-341.9228,False
15,69,-398.5879,-342.8918,False
15,70,-347.2167,-343.8182,False
15,71,-297.2949,-344.7386,False
15,72,-233.2084,-345.979,False
15,73,-198.1107,-312.0069,False
15,74,-145.9935,-262.7825,False
15,75,-104.4334,-223.881,False
15,76,-51.03481,-223.6108,False
15,77,3.12196,-224.1724,False
15,78,58.51272,-224.7206,False
15,79,119.1301,-225.3984,False
15,80,170.9076,-225.9915,False
15,81,227.4735,-226.6057,False
15,82,287.2551,-227.3234,False
15,83,341.003,-228.1908,False
15,84,402.3412,-229.1656,False
15,85,456.1633,-230.4544,False
15,86,508.0683,-231.718,False
16,0,-37.7931,279.3637,False
16,1,-8.533488,233.26,False
16,2,-11.01862,174.4052,False
16,3,40.02198,175.7188,False
16,4,40.39215,218.2876,False
16,5,86.91427,214.1006,False
16,6,98.24396,265.0076,False
16,7,112.9491,312.4816,False
16,8,133.1758,378.174,False
16,9,184.1402,402.212,False
16,10,197.7011,445.6776,False
16,11,244.188,482.9866,False
16,12,267.5653,542.5222,False
16,13,285.4302,594.8619,False
16,14,302.0753,643.7244,True
16,14,332.963,616.722,True
16,14,260.5993,643.617,True
16,14,333.5843,574.4935,True
16,14,231.0331,587.5368,False
16,15,236.0254,631.9904,True
16,15,195.2966,624.6986,True
16,15,178.8302,587.6818,False
16,16,190.1345,633.9435,True
16,16,157.7982,627.1443,True
16,16,124.7666,600.5525,True
16,16,158.2375,524.567,False
16,17,173.3412,467.4765,False
16,18,189.6476,414.7346,False
16,19,209.1299,351.2198,False
16,20,226.3949,294.9626,False
16,21,199.8382,244.5693,False
16,22,175.3494,197.0104,False
16,23,150.4606,148.8484,False
16,24,124.6418,98.88686,False
16,25,101.2028,53.4537,False
16,26,74.33781,1.587895,False
16,27,50.26515,-44.9899,False
16,28,21.80265,-100.3134,False
16,29,-3.598438,-149.433,False
16,30,-27.36654,-195.5241,False
16,31,-54.38763,-247.8833,False
16,32,-78.16798,-293.8787,False
16,33,-102.4862,-341.0161,False
16,34,-128.6354,-391.6696,False
16,35,-183.5087,-410.5301,False
16,36,-236.1629,-429.215,False
16,37,-285.2119,-446.5981,False
16,38,-351.3233,-469.8549,True
16,38,-318.8904,-491.323,True
16,38,-335.9269,-429.581,False
16,39,-397.0057,-438.4345,False
16,40,-461.1997,-453.8109,True
16,40,-437.3743,-482.8946,True
16,40,-449.4673,-408.9612,False
16,41,-504.2614,-424.893,True
16,41,-473.898,-457.3582,True
16,41,-489.9886,-378.5445,False
16,42,-537.8624,-397.3792,True
16,42,-503.1859,-425.5127,True
16,42,-528.1059,-350.3838,False
16,43,-585.6127,-368.8499,False
16,44,-633.7214,-385.9691,True
16,44,-613.2563,-417.972,True
16,44,-564.6795,-416.0046,False
16,45,-607.226,-424.6056,False
16,46,-638.4764,-475.5917,True
16,46,-671.5797,-452.1873,True
16,46,-590.1187,-481.3121,False
16,47,-569.8834,-536.9653,True
16,47,-546.5162,-503.3466,False
16,48,-518.6603,-556.662,True
16,48,-495.728,-522.4763,False
16,49,-445.1728,-550.2192,False
16,50,-390.7749,-543.0552,False
16,51,-337.5261,-535.1949,False
16,52,-272.3494,-525.6423,False
16,53,-214.7419,-517.2692,False
16,54,-159.9482,-509.3365,False
16,55,-96.85705,-500.2139,False
16,56,-38.60045,-491.8759,False
16,57,17.78659,-483.8103,False
16,58,83.01641,-474.4995,False
16,59,141.1707,-466.2772,False
16,60,196.8687,-458.4035,False
16,61,247.5474,-451.2789,False
17,0,-279.1919,-2.513409,False
17,1,-235.6935,-14.14662,False
17,2,-240.7995,-66.24919,False
17,3,-287.3681,-99.55044,False
17,4,-329.2356,-127.6943,False
17,5,-353.2199,-183.0328,False
17,6,-368.6885,-230.4657,False
17,7,-389.7555,-295.5157,False
17,8,-406.9907,-347.6369,False
17,9,-425.1127,-402.3242,False
17,10,-405.4698,-442.0124,False
17,11,-446.7348,-468.6852,True
17,11,-367.7272,-499.8616,False
17,12,-410.4725,-511.0618,True
17,12,-352.6032,-550.0255,False
17,13,-400.5274,-567.9166,True
17,13,-361.6467,-598.9568,False
17,14,-379.8359,-652.2922,True
17,14,-419.3185,-628.4185,True
17,14,-338.8343,-649.841,True
17,14,-416.575,-569.7061,False
17,15,-461.3537,-591.2316,True
17,15,-422.519,-616.0734,True
17,15,-454.686,-542.9484,True
17,15,-418.3225,-515.8642,False
17,16,-467.6579,-536.5331,True
17,16,-459.1825,-486.4934,True
17,16,-426.6982,-457.8972,False
17,17,-470.2661,-480.3488,True
17,17,-402.914,-403.5316,False
17,18,-355.2729,-406.8514,False
17,19,-312.6201,-444.7579,False
17,20,-256.0497,-438.4486,False
17,21,-204.2113,-432.7305,False
17,22,-169.9302,-390.2451,False
17,23,-136.1031,-349.2568,False
17,24,-94.05467,-298.7648,False
17,25,-50.08813,-295.6999,False
17,26,15.06059,-289.5718,False
17,27,69.22906,-284.8396,False
17,28,126.6877,-279.0998,False
17,29,183.2137,-272.8987,False
17,30,236.308,-267.1794,False
17,31,297.0435,-260.1382,False
17,32,350.2754,-253.9749,False
17,33,414.7871,-246.5119,False
17,34,467.6598,-240.504,False
18,0,-157.283,-307.2431,False
18,1,-183.0044,-360.6806,False
18,2,-162.9624,-407.9857,False
18,3,-139.1687,-462.8633,False
18,4,-118.0279,-511.838,False
18,5,-157.8978,-534.6395,False
18,6,-204.6521,-555.0421,False
18,7,-265.5679,-582.4379,False
18,8,-282.1389,-626.2363,True
18,8,-313.7504,-608.2943,True
18,8,-240.929,-615.2517,True
18,8,-319.3249,-566.5053,True
18,8,-300.6233,-528.1653,False
18,9,-356.2452,-530.1118,True
18,9,-324.9706,-567.0865,False
18,10,-356.0649,-606.0794,True
18,10,-371.5979,-568.8867,True
18,10,-306.8938,-619.5009,True
18,10,-355.0855,-543.0157,True
18,10,-243.7069,-591.0773,False
18,11,-232.0954,-635.9451,True
18,11,-201.3588,-571.4468,False
18,12,-135.3533,-555.5024,False
18,13,-81.79922,-542.6074,False
18,14,-18.77247,-527.5121,False
18,15,37.6791,-514.0862,False
18,16,88.75195,-502.4329,False
18,17,153.5933,-487.8312,False
18,18,208.5912,-475.4938,False
18,19,258.0732,-464.4312,False
19,0,143.2726,-313.738,False
19,1,190.3359,-337.9413,False
19,2,165.5791,-379.7717,False
19,3,118.9699,-361.712,False
19,4,62.37546,-345.8558,False
19,5,24.73932,-367.0741,False
19,6,-37.72216,-401.106,False
19,7,-87.59087,-428.1192,False
19,8,-113.6696,-482.1104,False
19,9,-137.4281,-533.3792,False
19,10,-159.2086,-580.3858,False
19,11,-213.1016,-603.7773,False
19,12,-239.9373,-658.2969,True
19,12,-264.684,-624.4041,True
19,12,-183.5215,-651.7196,True
19,12,-259.8882,-576.5472,False
19,13,-274.2594,-617.4142,True
19,13,-299.8167,-588.3123,False
19,14,-322.9927,-642.2148,True
19,14,-352.347,-612.4521,True
19,14,-278.0933,-625.1625,True
19,14,-339.4387,-564.0999,False
19,15,-361.3575,-610.6139,True
19,15,-387.2007,-583.495,True
19,15,-390.6638,-539.9728,False
19,16,-430.364,-566.9655,False
19,17,-445.9441,-623.2039,True
19,17,-472.3579,-598.296,True
19,17,-484.9121,-560.045,False
19,18,-492.1359,-610.243,True
19,18,-520.797,-581.8438,False
19,19,-486.8571,-618.1963,True
19,19,-519.2629,-625.5765,True
19,19,-558.3686,-610.1749,True
19,19,-571.0879,-569.3463,True
19,19,-547.6218,-525.5079,False
19,20,-581.5132,-565.5214,False
19,21,-580.8906,-615.6686,True
19,21,-547.6516,-582.4965,True
19,21,-647.5433,-551.4744,True
19,21,-621.1921,-501.8476,True
19,21,-608.8381,-582.1085,True
19,22,-487.8449,-513.738,False
19,23,-452.2023,-559.6539,False
19,24,-395.4268,-566.9783,False
19,25,-358.9034,-538.1538,False
19,26,-302.5137,-494.6806,False
19,27,-260.4262,-462.5761,False
19,28,-211.585,-425.6665,False
19,29,-163.4108,-389.1981,False
19,30,-120.0343,-356.1191,False
19,31,-78.36559,-324.9268,False
19,32,-19.47925,-281.0143,False
19,33,24.30042,-249.1876,False
19,34,78.06485,-210.6336,False
19,35,123.5651,-178.3932,False
19,36,175.1352,-142.7046,False
19,37,224.7313,-109.4202,False
19,38,267.6998,-81.938,False
19,39,322.8362,-46.11655,False
19,40,370.2175,-16.27046,False
19,41,413.4293,10.73008,False
19,42,470.9914,46.33497,False
19,43,492.5442,102.072,False
19,44,512.4977,152.1442,False
19,45,532.4957,202.3625,False
19,46,556.7661,263.7859,False
19,47,578.0963,316.415,False
19,48,598.6004,366.5183,False
19,49,622.8894,424.8011,True
19,49,645.1003,388.1906,True
19,49,580.5984,417.2433,False
19,50,603.9461,470.3605,False
19,51,627.8587,526.4376,True
19,51,654.6033,493.1336,True
19,51,589.7327,524.5379,True
19,51,657.7375,442.4562,True
19,51,554.9762,470.8885,False
19,52,571.134,515.4323,False
19,53,594.2972,570.2062,False
19,54,615.8352,621.116,True
19,54,635.184,584.5463,True
19,54,566.5305,603.2295,True
19,54,624.9315,536.6974,True
19,54,524.2423,568.8373,False
19,55,545.1167,618.9354,True
19,55,509.3719,611.6664,True
19,55,481.3761,581.7144,True
19,55,471.7411,539.9781,False
19,56,484.5061,500.5249,False
19,57,459.5355,447.8329,False
19,58,428.117,397.1,False
19,59,399.5301,350.9898,False
19,60,374.5244,310.6479,False
19,61,340.3121,254.9592,False
19,62,315.2044,214.2334,False
19,63,283.6927,162.3824,False
19,64,257.6637,119.6692,False
19,65,225.4353,66.80544,False
19,66,198.7144,22.61127,False
19,67,167.8256,-28.25754,False
19,68,141.5737,-72.24041,False
19,69,111.8191,-121.9656,False
19,70,85.58239,-166.0604,False
19,71,54.84618,-217.6077,False
19,72,27.34461,-264.056,False
19,73,2.906273,-305.221,False
19,74,-30.54466,-361.8081,False
19,75,-85.28061,-375.4485,False
19,76,-140.5403,-389.6331,False
19,77,-189.6249,-402.3359,False
19,78,-259.4768,-420.4516,False
19,79,-308.4532,-433.5107,False
19,80,-376.9341,-451.8289,False
19,81,-427.4262,-465.3466,False
19,82,-484.3457,-481.1494,False
19,83,-542.5239,-498.2756,True
19,83,-515.1274,-524.9212,False
19,84,-550.3461,-571.1633,True
19,84,-550.1887,-495.6161,False
19,85,-582.0996,-530.5747,False
19,86,-621.4683,-497.8018,True
19,86,-619.5191,-529.0682,True
19,86,-568.2994,-586.8064,True
19,86,-521.1105,-573.3033,False
19,87,-557.5815,-592.7271,True
19,87,-521.285,-601.7239,True
19,87,-481.6752,-600.0979,True
19,87,-455.9877,-569.3119,False
19,88,-468.7248,-616.5779,True
19,88,-436.0009,-606.3525,True
19,88,-409.0573,-571.8744,False
19,89,-367.8911,-547.8473,False
19,90,-314.688,-517.9026,False
19,91,-264.752,-489.9049,False
19,92,-220.7575,-464.8227,False
19,93,-159.0297,-429.3967,False
19,94,-109.7566,-400.6011,False
19,95,-60.4995,-371.3962,False
19,96,-5.993572,-339.3591,False
19,97,42.25851,-311.1,False
19,98,91.68089,-281.7257,False
19,99,146.1496,-249.4908,False
19,100,196.7304,-218.6463,False
19,101,256.3091,-226.7093,False
19,102,314.3424,-234.4207,False
19,103,368.2971,-241.461,False
19,104,438.0094,-250.4282,False
20,0,38.7963,-155.6602,False
20,1,48.13783,-214.0907,False
20,2,0.6615788,-214.1821,False
20,3,-55.81322,-218.1193,False
20,4,-108.1707,-222.8774,False
20,5,-145.1365,-260.9897,False
20,6,-189.3317,-313.456,False
20,7,-225.5441,-356.2565,False
20,8,-279.8673,-361.2049,False
20,9,-334.6569,-366.2503,False
20,10,-395.0115,-372.3482,False
20,11,-449.2304,-377.7838,True
20,11,-435.4529,-411.2517,True
20,11,-382.9287,-408.6208,False
20,12,-417.6402,-456.0084,True
20,12,-432.1183,-410.5676,True
20,12,-381.6604,-468.1144,True
20,12,-343.0679,-447.9674,False
20,13,-379.3092,-481.4116,True
20,13,-304.6735,-496.5822,False
20,14,-346.6165,-513.6829,True
20,14,-311.9665,-538.0374,False
20,15,-356.6173,-568.2928,False
20,16,-366.8112,-617.4861,True
20,16,-395.6697,-590.6101,True
20,16,-404.5089,-546.8511,False
20,17,-414.351,-598.9952,True
20,17,-441.3387,-565.8289,True
20,17,-448.1825,-528.5245,True
20,17,-419.1248,-496.3772,False
20,18,-463.3568,-522.0024,True
20,18,-462.9179,-475.1118,True
20,18,-437.3522,-446.0253,False
20,19,-480.9359,-471.7543,True
20,19,-386.0244,-405.8589,False
20,20,-352.9308,-447.2078,False
20,21,-315.3953,-484.3391,False
20,22,-275.596,-523.7786,False
20,23,-241.2601,-487.9128,False
20,24,-200.9543,-445.7764,False
20,25,-165.3099,-408.5291,False
20,26,-117.5489,-359.9104,False
20,27,-78.13368,-321.2393,False
20,28,-42.05084,-285.7927,False
20,29,8.897385,-237.0997,False
20,30,48.96008,-199.2149,False
20,31,106.3168,-189.9657,False
20,32,158.9888,-183.8166,False
20,33,227.6808,-175.568,False
20,34,281.7631,-169.3504,False
20,35,334.2016,-162.8478,False
20,36,394.5781,-156.039,False
20,37,448.8345,-150.7323,False
20,38,496.3667,-146.1365,False
20,39,539.6868,-105.6817,False
20,40,582.8756,-55.16582,False
20,41,621.2057,-10.31339,True
20,41,581.7618,-6.745656,False
20,42,575.9845,55.189,False
20,43,571.5449,111.2046,False
20,44,566.663,172.8893,False
20,45,561.6255,227.1396,False
20,46,599.5302,270.7006,True
20,46,561.3977,278.7453,False
20,47,599.1503,326.3962,True
20,47,561.7003,330.6031,True
20,47,520.6344,319.8839,False
20,48,560.3057,355.9727,True
20,48,523.1774,353.8606,True
20,48,485.4676,349.0161,False
20,49,488.943,406.0999,False
20,50,524.9654,433.4073,True
20,50,502.0075,460.447,False
20,51,513.7814,507.7546,True
20,51,473.0758,504.0105,False
20,52,487.6068,557.7614,True
20,52,448.2059,550.8663,False
20,53,457.2107,611.288,True
20,53,420.3239,594.912,False
20,54,423.4231,656.4393,True
20,54,463.8647,624.9536,True
20,54,388.9301,641.3547,True
20,54,366.8587,601.1846,False
20,55,381.8018,651.4766,True
20,55,339.3985,637.6276,True
20,55,323.8957,605.9774,False
20,56,305.8904,564.2946,False
20,57,327.8651,512.4739,False
20,58,354.7374,451.6029,False
20,59,379.0251,399.5164,False
20,60,365.3158,340.7755,False
20,61,352.8364,290.8399,False
20,62,338.2324,229.7961,False
20,63,325.6803,177.0935,False
20,64,311.7703,120.8411,False
20,65,297.487,64.07876,False
20,66,285.1351,15.10921,False
20,67,269.5486,-46.78844,False
20,68,256.9285,-95.29478,False
20,69,242.2273,-149.6431,False
20,70,227.2271,-202.8199,False
20,71,210.1576,-263.189,False
20,72,196.3786,-312.1786,False
20,73,182.0317,-361.0952,False
20,74,164.4267,-421.0655,False
20,75,151.4038,-466.749,False
20,76,105.7058,-499.9264,False
20,77,43.86442,-533.1384,False
20,78,-2.061091,-557.8536,False
20,79,-57.45891,-588.3542,False
20,80,-108.2413,-616.925,True
20,80,-112.3061,-578.0671,False
20,81,-168.513,-570.5051,False
20,82,-223.2044,-562.9992,False
20,83,-270.8861,-591.0447,False
20,84,-318.6118,-618.7091,True
20,84,-325.548,-576.3096,False
20,85,-363.3882,-595.8591,False
20,86,-428.5409,-627.2747,True
20,86,-393.273,-642.0743,True
20,86,-413.6681,-579.6144,True
20,86,-346.1521,-642.5473,True
20,86,-372.756,-551.7068,False
20,87,-421.4091,-563.3562,True
20,87,-408.2549,-521.8335,True
20,87,-376.5414,-494.3443,False
20,88,-426.8083,-513.6597,True
20,88,-419.1387,-470.9293,True
20,88,-385.6141,-448.6975,False
20,89,-435.4534,-451.9207,True
20,89,-426.813,-412.8246,False
20,90,-474.7305,-425.7916,True
20,90,-430.2093,-459.2497,False
20,91,-416.1832,-497.2215,False
20,92,-359.7547,-495.5036,False
20,93,-307.1802,-486.2191,False
20,94,-262.5938,-517.2773,False
20,95,-205.1586,-508.8991,False
20,96,-155.7605,-500.4655,False
20,97,-91.3683,-489.669,False
20,98,-36.97398,-481.1759,False
20,99,13.08829,-473.4335,False
20,100,83.07486,-462.6894,False
20,101,136.8848,-454.4939,False
20,102,200.9103,-444.8244,False
20,103,259.6882,-436.0751,False
