episode,step,x,z,evaded
1,0,130.7662,82.00222,False
1,1,133.8006,16.03377,False
1,2,139.0448,-67.57683,False
1,3,143.8952,-144.9128,False
1,4,144.4195,-153.2728,False
1,5,117.3357,-180.6056,False
1,6,89.35664,-177.2242,False
1,7,-18.95647,-240.5118,False
1,8,-78.05293,-290.6321,False
1,9,-127.5983,-229.6044,False
1,10,-216.8897,-267.7941,False
1,11,-292.3285,-299.0995,False
1,12,-429.6647,-356.0931,False
1,13,-505.1126,-387.4103,True
1,13,-477.7481,-436.4472,True
1,13,-510.2938,-338.8786,False
1,14,-545.6576,-379.6312,True
1,14,-582.9244,-344.2432,False
1,15,-610.9816,-400.8794,True
1,15,-561.1111,-410.3679,False
1,16,-502.2518,-443.2424,False
1,17,-482.6125,-511.5365,True
1,17,-441.4417,-471.8047,False
1,18,-373.3224,-458.4525,False
1,19,-379.8301,-386.1258,False
1,20,-343.2109,-339.8448,False
1,21,-293.4282,-275.0933,False
1,22,-244.9188,-212.0009,False
1,23,-215.5523,-173.8088,False
1,24,-163.2135,-105.7428,False
1,25,-93.84386,-101.7202,False
1,26,-26.98938,-97.0438,False
1,27,25.24168,-93.38584,False
1,28,110.902,-87.38054,False
1,29,177.7527,-82.68587,False
1,30,236.2502,-78.57744,False
1,31,321.9071,-72.55683,False
1,32,363.9172,-22.62842,False
1,33,362.3603,42.28764,False
1,34,353.295,127.673,False
1,35,345.5566,200.569,False
1,36,337.8196,273.4594,False
1,37,384.9139,330.0627,False
1,38,429.8773,385.2787,True
1,38,370.8885,401.0056,False
1,39,416.3981,458.922,True
1,39,438.7897,423.0951,True
1,39,364.4957,473.7808,False
1,40,425.9233,491.3316,True
1,40,401.1636,528.3662,True
1,40,362.4986,547.5739,False
1,41,423.3591,555.6251,True
1,41,389.4706,590.1365,True
1,41,355.3965,618.0284,True
1,41,286.7411,562.1092,False
1,42,235.5007,512.1279,False
1,43,183.9572,463.0009,False
1,44,147.5716,428.3262,False
1,45,139.4966,341.829,False
1,46,144.0657,270.7756,False
1,47,148.7696,197.6254,False
1,48,153.7414,120.3085,False
1,49,157.9077,55.5189,False
1,50,114.1247,4.376122,False
1,51,75.14854,-42.20345,False
1,52,-5.491988,-138.5751,False
1,53,-20.04019,-141.6304,False
1,54,-120.9497,-188.5902,False
1,55,-192.1099,-193.7835,False
1,56,-263.3114,-193.8098,False
1,57,-334.5151,-193.8365,False
1,58,-395.2487,-193.8621,False
1,59,-440.1102,-241.2893,False
1,60,-491.1804,-302.3265,False
1,61,-534.1868,-353.7245,False
1,62,-527.1167,-415.7426,True
1,62,-490.5863,-396.1785,False
1,63,-474.6474,-478.1369,True
1,63,-436.5561,-447.1507,False
1,64,-417.5067,-528.7574,False
1,65,-477.5579,-538.1597,True
1,65,-456.1944,-580.4937,True
1,65,-354.3066,-559.3472,False
1,66,-386.5897,-602.0579,True
1,66,-282.803,-537.1779,False
1,67,-215.9145,-519.7859,False
1,68,-151.0558,-502.9153,False
1,69,-72.00919,-482.351,False
1,70,-3.096646,-464.4166,False
1,71,61.76048,-447.5377,False
1,72,124.5864,-431.1871,False
1,73,181.3391,-416.4169,False
1,74,264.4415,-394.789,False
2,0,98.99904,138.4994,False
2,1,101.1533,199.1895,False
2,2,160.9386,200.1309,False
2,3,196.2204,167.0269,False
2,4,253.5803,100.3413,False
2,5,308.2104,36.82471,False
2,6,354.6407,-17.16438,False
2,7,403.8023,-74.3279,False
2,8,450.234,-128.317,False
2,9,480.2788,-163.2518,False
2,10,547.1921,-241.0562,False
3,0,152.1994,158.6171,False
3,1,167.2695,243.1514,False
3,2,231.6181,279.0866,False
3,3,244.9164,338.7114,False
3,4,307.972,376.9595,False
3,5,322.2179,440.6875,False
3,6,335.7326,497.7472,False
3,7,355.0407,579.2643,False
3,8,371.454,648.5517,True
3,8,416.1693,610.7502,True
3,8,334.6873,633.9254,True
3,8,438.7526,570.9142,False
3,9,472.3522,500.5929,False
3,10,451.6189,452.103,False
3,11,413.5459,359.0649,False
3,12,385.785,291.2265,False
3,13,358.0235,223.3842,False
3,14,333.4341,163.2936,False
3,15,286.4066,144.629,False
3,16,205.1545,110.9274,False
3,17,150.9899,88.46423,False
3,18,79.40543,58.78264,False
3,19,21.36804,34.7204,False
3,20,-6.386989,-35.05602,False
3,21,-27.71563,-102.9951,False
3,22,-50.2978,-174.9301,False
3,23,-71.62409,-242.8646,False
3,24,-92.32424,-308.804,False
3,25,-113.6514,-376.7406,False
3,26,-132.4696,-436.6864,False
3,27,-192.6642,-471.9717,False
3,28,-250.3289,-501.8151,False
3,29,-313.5653,-534.5429,False
3,30,-376.8051,-567.2796,False
3,31,-440.0424,-600.0206,False
3,32,-490.253,-626.022,True
3,32,-454.9166,-668.6577,True
3,32,-498.4294,-568.0891,True
3,32,-419.642,-653.5385,True
3,32,-450.2614,-533.8079,False
3,33,-380.3706,-493.9097,False
3,34,-327.0793,-469.4503,False
3,35,-250.9382,-434.5026,False
3,36,-186.2235,-404.7994,False
3,37,-121.5055,-375.0948,False
3,38,-58.69224,-346.2653,False
3,39,-5.396065,-321.8041,False
3,40,19.17362,-253.0635,False
3,41,37.39104,-186.3948,False
3,42,51.7428,-133.8676,False
3,43,70.50941,-65.17551,False
3,44,89.82573,5.532375,False
3,45,110.245,80.28289,False
3,46,168.3023,110.1048,False
3,47,233.085,144.4039,False
3,48,296.0151,177.7276,False
3,49,353.3882,208.1193,False
3,50,412.6061,239.4935,False
3,51,479.2298,274.7896,False
3,52,492.8848,342.9465,False
3,53,507.7192,412.5883,True
3,53,548.0208,383.2481,True
3,53,463.715,403.0064,False
3,54,476.7837,479.3613,True
3,54,429.6342,482.5681,False
3,55,440.4879,505.6575,True
3,55,411.1793,517.272,False
3,56,485.2803,522.632,True
3,56,457.1981,572.9377,True
3,56,389.6213,584.7997,False
3,57,462.4019,600.4577,True
3,57,420.9417,634.0515,True
3,57,378.43,662.7261,True
3,57,322.9585,574.5951,False
3,58,294.06,513.6616,False
3,59,257.1923,438.4401,False
3,60,281.0321,377.6775,False
3,61,245.2135,315.6753,False
3,62,211.3458,255.4313,False
3,63,176.4497,193.36,False
3,64,153.8722,153.1997,False
3,65,115.8973,85.65046,False
3,66,81.00166,23.57844,False
3,67,44.05271,-42.14603,False
3,68,-12.57886,-48.58118,False
3,69,-95.65879,-59.33486,False
3,70,-162.123,-67.94182,False
3,71,-234.8171,-77.35822,False
3,72,-301.2871,-85.96707,False
3,73,-376.0572,-95.65121,False
3,74,-430.0603,-102.646,False
3,75,-498.5919,-111.5223,False
3,76,-506.4426,-183.2545,False
3,77,-500.7619,-254.2327,False
3,78,-550.4602,-296.7048,False
3,79,-554.5323,-361.2267,True
3,79,-516.1507,-348.2106,False
3,80,-472.9724,-396.6978,False
3,81,-415.871,-460.8216,False
3,82,-375.4811,-506.1782,False
3,83,-416.4203,-559.1887,True
3,83,-309.4094,-546.1024,False
3,84,-361.0713,-615.8083,True
3,84,-285.0917,-524.0477,False
3,85,-280.6926,-443.0133,False
3,86,-287.1946,-374.2059,False
3,87,-293.8938,-303.313,False
3,88,-234.2745,-299.2357,False
3,89,-177.9334,-294.3399,False
3,90,-106.9962,-288.175,False
3,91,-17.27703,-280.3777,False
3,92,49.48986,-274.576,False
3,93,124.6039,-268.0483,False
3,94,187.2011,-262.6087,False
3,95,272.7457,-255.1741,False
3,96,347.8511,-248.6471,False
3,97,339.7601,-174.6721,False
3,98,333.262,-105.8693,False
3,99,326.9604,-39.15163,False
3,100,320.0677,33.82604,False
3,101,314.3554,94.29687,False
3,102,306.6745,175.6091,False
3,103,299.9781,246.4981,False
3,104,293.0846,319.4738,False
3,105,344.379,383.4344,False
3,106,411.7898,384.6439,False
3,107,487.1456,386.941,True
3,107,456.2071,422.4687,True
3,107,417.9499,456.5236,True
3,107,473.7729,333.1807,False
3,108,428.5802,285.1133,False
3,109,470.8786,239.7855,False
3,110,476.2226,183.1826,False
3,111,426.2099,113.1181,False
3,112,381.1171,63.54349,False
3,113,337.4305,15.51835,False
3,114,293.741,-32.50793,False
3,115,247.2332,-83.62946,False
3,116,177.8214,-79.9304,False
3,117,104.5856,-76.92483,False
3,118,52.2755,-74.78133,False
3,119,-35.61575,-71.17998,False
3,120,-78.63049,-114.5539,False
3,121,-140.6034,-115.7279,False
3,122,-209.8571,-167.6235,False
3,123,-260.6828,-220.4472,False
3,124,-253.0545,-283.2101,False
3,125,-286.4164,-323.1555,False
3,126,-345.1047,-391.4682,False
3,127,-390.1409,-443.8869,False
3,128,-381.6659,-514.9424,False
3,129,-454.9228,-527.5091,True
3,129,-431.9448,-571.0034,True
3,129,-374.8141,-583.8259,False
3,130,-412.6716,-631.8558,True
3,130,-428.2683,-597.1787,True
3,130,-364.8741,-645.2524,True
3,130,-305.6676,-570.1973,False
3,131,-241.4057,-560.9257,False
3,132,-202.7491,-500.6868,False
3,133,-131.5255,-493.3039,False
3,134,-92.87444,-433.0209,False
3,135,-22.11312,-413.4295,False
3,136,45.62619,-399.7148,False
3,137,113.3667,-386.0018,False
3,138,100.8639,-331.8575,False
3,139,84.06844,-251.9244,False
3,140,70.28802,-186.3375,False
3,141,56.50764,-120.7485,False
3,142,98.57451,-65.44399,False
3,143,147.2446,0.13946,False
3,144,203.6471,7.48305,False
3,145,286.5541,19.43787,False
3,146,357.0304,29.6005,False
3,147,421.2911,38.86665,False
3,148,495.9117,49.62645,False
3,149,562.2396,59.19085,False
4,0,162.9741,-108.0621,False
4,1,154.4839,-38.25724,False
4,2,220.3071,-32.89431,False
4,3,224.18,29.4328,False
4,4,222.3947,115.2799,False
4,5,221.0013,182.2873,False
4,6,219.6951,245.1031,False
4,7,268.3273,300.3331,False
4,8,317.5876,357.4125,False
4,9,361.3751,408.1451,False
4,10,420.3912,408.1024,True
4,10,397.4946,449.9063,True
4,10,397.3197,355.1164,False
4,11,439.4568,311.3722,False
4,12,493.2133,255.5619,False
4,13,449.9603,208.5966,False
4,14,492.954,170.2151,False
4,15,549.768,117.5153,False
4,16,598.901,71.94155,True
4,16,543.55,43.28746,False
4,17,541.1082,-4.822251,False
4,18,536.8622,-88.48597,False
4,19,533.2534,-159.6008,False
4,20,529.9634,-224.4403,False
5,0,-203.3156,-100.934,False
5,1,-153.4612,-133.6457,False
5,2,-127.7654,-206.793,False
5,3,-67.44092,-245.246,False
5,4,-57.46893,-318.2458,False
5,5,2.346131,-349.4413,False
5,6,63.19667,-382.198,False
5,7,120.3623,-412.9706,False
5,8,195.9732,-453.6721,False
5,9,258.6694,-487.4223,False
6,0,178.0517,-35.12299,False
6,1,128.2623,-47.9887,False
6,2,70.50635,-104.154,False
6,3,37.92415,-150.3723,False
6,4,-39.62888,-168.736,False
6,5,-93.32051,-177.814,False
6,6,-151.262,-239.6439,False
6,7,-191.4147,-293.3042,False
6,8,-231.5693,-346.9643,False
6,9,-290.4485,-351.028,False
6,10,-338.8018,-397.8307,False
6,11,-421.9373,-401.545,True
6,11,-407.8742,-445.6874,True
6,11,-378.9087,-357.4037,False
6,12,-440.4871,-373.6064,False
6,13,-493.625,-403.0232,True
6,13,-509.7049,-356.8889,False
6,14,-525.8705,-425.3037,True
6,14,-557.7627,-384.5464,True
6,14,-589.6492,-343.7985,False
6,15,-603.2241,-401.9611,True
6,15,-636.8349,-372.7422,True
6,15,-574.626,-275.5321,False
6,16,-520.3218,-243.3163,False
6,17,-472.04,-213.8819,False
6,18,-391.3412,-228.0529,False
6,19,-337.2819,-244.6497,False
6,20,-285.7388,-215.9151,False
6,21,-211.9684,-168.0119,False
6,22,-157.5192,-132.655,False
6,23,-104.8233,-98.43272,False
6,24,-39.84337,-56.22733,False
6,25,-29.69404,16.75117,False
6,26,-18.78716,89.23734,False
6,27,-8.191897,159.6507,False
6,28,2.714463,232.1314,False
6,29,12.37453,296.334,False
6,30,22.96885,366.7438,False
6,31,70.99192,400.9639,False
6,32,123.3664,439.3396,False
6,33,189.9365,435.3187,False
6,34,259.6451,460.7729,False
6,35,329.8004,498.3504,True
6,35,324.7686,436.9002,False
6,36,353.2397,362.1061,False
6,37,421.1274,333.4956,False
6,38,440.2366,277.6865,False
6,39,464.2196,210.6333,False
6,40,435.3942,152.0988,False
6,41,407.4114,93.51849,False
6,42,371.3026,17.9287,False
6,43,346.0196,-34.99341,False
6,44,310.8134,-108.6866,False
6,45,282.8243,-167.2712,False
6,46,251.2246,-233.4143,False
6,47,216.9185,-305.2209,False
6,48,153.7425,-328.4889,False
6,49,89.15997,-353.1106,False
6,50,22.6267,-378.4742,False
6,51,-38.03536,-401.6074,False
6,52,-90.86868,-421.7597,False
6,53,-175.0106,-453.8588,False
6,54,-202.1933,-522.3074,False
6,55,-228.4014,-586.2591,False
6,56,-254.6065,-650.21,True
6,56,-197.9496,-651.0208,True
6,56,-294.528,-617.3336,False
6,57,-322.8285,-678.4715,True
6,57,-277.7382,-670.2709,True
6,57,-358.8434,-627.7913,False
6,58,-436.917,-643.2287,False
6,59,-473.0322,-702.5651,True
6,59,-487.0386,-656.1726,True
6,59,-421.489,-719.7252,True
6,59,-503.0886,-623.0234,True
6,59,-476.4655,-595.9804,True
6,60,-287.7534,-641.327,True
6,60,-332.835,-625.374,True
6,60,-371.8412,-609.6674,True
6,60,-396.0528,-558.5536,False
6,61,-410.5757,-627.2709,True
6,61,-386.8126,-497.5376,False
6,62,-322.328,-497.0305,False
6,63,-261.7037,-449.0233,False
6,64,-219.9515,-410.8834,False
6,65,-159.643,-355.7947,False
6,66,-117.8883,-317.6574,False
6,67,-52.93739,-258.3398,False
6,68,-12.72956,-221.6247,False
6,69,55.31565,-159.4936,False
6,70,53.47228,-90.03252,False
6,71,52.39552,-16.74146,False
6,72,51.38022,52.36652,False
6,73,50.30349,125.6564,False
6,74,49.319,192.6652,False
6,75,101.0618,247.2851,False
6,76,155.1935,296.7065,False
6,77,203.142,340.4783,False
6,78,267.7585,330.9277,False
6,79,316.2368,371.4452,False
6,80,381.1898,424.3443,True
6,80,393.5027,371.9321,False
6,81,466.5839,366.267,False
6,82,506.8001,314.8511,False
6,83,452.9836,263.0674,False
6,84,497.7553,209.001,False
6,85,488.6489,150.7162,False
6,86,477.4359,71.92748,False
6,87,468.5846,9.731186,False
6,88,458.552,-60.76647,False
6,89,448.5208,-131.2613,False
6,90,441.1457,-183.0935,False
6,91,429.0487,-268.1076,False
7,0,124.6688,-56.19438,False
7,1,58.64209,-58.72176,False
7,2,65.71209,-124.4171,False
7,3,21.05308,-182.8992,False
7,4,-39.90788,-187.1482,False
7,5,-121.3004,-193.9353,False
7,6,-194.3445,-200.027,False
7,7,-267.3918,-206.1209,False
7,8,-334.1769,-211.6985,False
7,9,-400.9587,-217.2772,False
7,10,-401.034,-270.6306,False
7,11,-403.0995,-364.8547,False
7,12,-404.7519,-440.2351,True
7,12,-358.7881,-406.7729,False
7,13,-303.911,-452.1446,False
7,14,-245.8038,-500.1863,False
7,15,-190.9203,-545.56,False
7,16,-143.5622,-501.7764,False
7,17,-88.85576,-438.337,False
7,18,-95.65585,-381.851,False
7,19,-102.7275,-315.2038,False
7,20,-111.5654,-231.9021,False
7,21,-119.5201,-156.9259,False
7,22,-79.43373,-102.8559,False
7,23,-30.27935,-35.02184,False
7,24,11.50498,22.63836,False
7,25,76.72137,26.36841,False
7,26,143.5698,31.06157,False
7,27,212.5124,35.90763,False
7,28,275.1863,40.31296,False
7,29,352.4822,45.74532,False
7,30,396.2667,107.6185,False
7,31,461.3256,113.2085,False
7,32,511.9481,75.95862,False
7,33,582.8716,13.88651,False
7,34,620.6949,-19.21568,True
7,34,579.8188,-53.5105,False
7,35,635.1404,-95.6001,True
7,35,521.2134,-102.2318,False
7,36,482.2562,-137.2101,False
7,37,412.1239,-200.1764,False
7,38,343.1907,-191.4611,False
7,39,282.847,-184.5569,False
7,40,199.6189,-175.0378,False
7,41,126.7959,-166.7157,False
7,42,66.45657,-159.8188,False
7,43,-8.454675,-151.2729,False
7,44,-68.79904,-144.3972,False
7,45,-92.31273,-197.6208,False
7,46,-101.1746,-280.9273,False
7,47,-108.9285,-353.8191,False
7,48,-115.1316,-412.1321,False
7,49,-123.3283,-489.1845,False
7,50,-130.1958,-553.7428,False
7,51,-188.414,-602.5109,True
7,51,-136.9394,-631.6134,True
7,51,-82.08957,-614.4838,True
7,51,-204.9393,-553.8782,False
7,52,-261.3916,-550.656,False
7,53,-351.2971,-545.5238,True
7,53,-330.1871,-492.5338,False
7,54,-395.4232,-489.6342,True
7,54,-378.1379,-528.9849,False
7,55,-446.799,-587.259,True
7,55,-396.8621,-614.0415,True
7,55,-346.0612,-595.7955,True
7,55,-457.2696,-542.0611,False
7,56,-463.1622,-607.7489,True
7,56,-500.8058,-589.0498,True
7,56,-511.9619,-538.8953,True
7,56,-496.158,-488.2763,False
7,57,-439.5505,-446.6041,False
7,58,-382.1705,-460.5076,False
7,59,-325.7003,-428.6427,False
7,60,-262.1092,-377.3772,False
7,61,-219.7158,-343.1989,False
7,62,-151.238,-287.9907,False
7,63,-102.3223,-248.5539,False
7,64,-46.88686,-203.8589,False
7,65,-51.54014,-147.0288,False
7,66,-57.47151,-57.17133,False
7,67,-11.1957,-14.08722,False
7,68,-10.27637,56.82438,False
7,69,43.44976,104.201,False
7,70,38.02171,173.5252,False
7,71,80.235,225.947,False
7,72,125.5849,283.5366,False
7,73,164.4569,332.8976,False
7,74,239.1704,338.7427,False
7,75,312.4731,338.8831,False
7,76,357.2557,380.3334,False
7,77,417.8662,435.0855,True
7,77,416.4217,385.3595,True
7,77,368.6341,461.8228,False
7,78,371.5877,524.5818,False
7,79,375.1321,599.8929,False
7,80,378.6765,675.2048,True
7,80,329.4994,654.5583,True
7,80,448.6015,604.3032,True
7,80,306.4139,611.0795,False
7,81,264.2314,572.8967,False
7,82,288.3029,520.1002,False
7,83,289.745,434.2417,False
7,84,282.6814,373.9186,False
7,85,274.156,301.1112,False
7,86,265.1434,224.1438,False
7,87,256.8623,153.4242,False
7,88,248.0938,78.54202,False
7,89,239.3253,3.659588,False
7,90,231.5312,-62.90232,False
7,91,178.8207,-53.70296,False
7,92,91.87823,-40.3666,False
7,93,36.97727,-92.65871,False
7,94,-25.85199,-85.79239,False
7,95,-84.4824,-132.9381,False
7,96,-136.6031,-181.4596,False
7,97,-187.1863,-228.5449,False
7,98,-245.4408,-282.7675,False
7,99,-243.2857,-337.553,False
7,100,-279.5519,-387.1598,False
7,101,-286.8,-472.4415,False
7,102,-283.1747,-541.4579,False
7,103,-279.4395,-612.5688,True
7,103,-236.1783,-583.8665,False
7,104,-226.9011,-656.4287,True
7,104,-184.1329,-630.2344,True
7,104,-164.1208,-580.7938,False
7,105,-116.34,-525.6011,False
7,106,-83.95287,-481.8325,False
7,107,-84.96236,-401.9169,False
7,108,-96.70432,-325.3188,False
7,109,-106.8591,-259.0726,False
7,110,-116.0619,-199.0337,False
7,111,-58.94517,-177.8393,False
7,112,-9.889004,-106.9674,False
7,113,17.73812,-48.21901,False
7,114,77.06573,-33.46199,False
7,115,160.0971,-11.5852,False
7,116,230.9789,7.095592,False
7,117,301.8584,25.78352,False
7,118,362.6088,41.80407,False
7,119,435.5094,61.03218,False
7,120,504.3608,79.19678,False
7,121,569.1573,96.29642,False
7,122,595.4963,146.7365,False
7,123,635.3163,220.4413,True
7,123,585.9172,224.8729,False
7,124,632.347,279.4526,True
7,124,577.6703,296.2435,False
7,125,628.4822,346.6894,True
7,125,577.3145,355.4792,True
7,125,525.942,331.2804,False
7,126,569.2933,395.003,True
7,126,514.9445,404.0182,True
7,126,472.2923,378.2135,False
7,127,511.622,433.9911,True
7,127,409.5142,331.9535,False
7,128,408.3064,264.5903,False
7,129,405.7454,178.7671,False
7,130,403.684,109.6849,False
7,131,343.3805,60.42641,False
7,132,344.1327,1.392472,False
7,133,289.9296,-60.04689,False
7,134,239.7125,-104.4212,False
7,135,238.6947,-165.498,False
7,136,164.4756,-180.4764,False
7,137,95.73296,-187.6346,False
7,138,33.24199,-194.1461,False
7,139,-37.57548,-201.5283,False
7,140,-104.2301,-208.4813,False
7,141,-172.9674,-215.6535,False
7,142,-233.3768,-221.9598,False
7,143,-289.5718,-276.438,False
7,144,-336.8433,-335.1796,False
7,145,-382.7975,-392.2845,False
7,146,-427.4395,-447.759,False
7,147,-414.6638,-518.1937,False
7,148,-477.6383,-529.0945,True
7,148,-454.4933,-572.5003,True
7,148,-394.6962,-575.9207,False
7,149,-454.9587,-589.8503,True
7,149,-423.7975,-623.0345,True
7,149,-378.8585,-645.2616,True
7,149,-328.2697,-561.2405,False
8,0,-138.2824,-177.4692,False
8,1,-93.31735,-222.0218,False
8,2,-35.03596,-273.0874,False
8,3,-36.92136,-319.5279,False
8,4,7.520041,-380.8275,False
8,5,-30.82901,-437.774,False
8,6,-80.99394,-444.0601,False
8,7,-178.4715,-457.7319,False
8,8,-216.2026,-516.0826,False
8,9,-274.7543,-523.4645,False
8,10,-366.007,-536.2737,True
8,10,-335.295,-585.0202,True
8,10,-276.888,-589.6169,False
8,11,-343.5533,-603.6886,True
8,11,-303.2205,-639.1756,True
8,11,-255.2314,-658.5502,True
8,11,-205.4312,-572.1328,False
8,12,-138.7682,-553.8799,False
8,13,-64.02799,-533.4095,False
8,14,-15.55356,-520.13,False
8,15,55.14567,-500.7635,False
8,16,156.1397,-473.0995,False
8,17,234.9095,-451.5235,False
9,0,58.87688,99.01521,False
9,1,71.10239,23.54885,False
9,2,82.7685,-42.44255,False
9,3,93.70553,-104.3094,False
9,4,142.2462,-141.289,False
9,5,152.3582,-215.8493,False
9,6,157.0527,-291.0995,False
9,7,194.0457,-322.4651,False
9,8,209.7857,-404.33,False
9,9,140.2172,-412.9824,False
9,10,84.22054,-420.8462,False
9,11,-4.959667,-433.3705,False
9,12,-75.47658,-443.276,False
9,13,-143.9166,-452.8891,False
9,14,-206.839,-528.957,False
9,15,-253.0766,-561.5473,False
9,16,-266.3422,-577.7742,False
9,17,-298.5956,-641.2827,True
9,17,-357.8813,-628.1606,False
9,18,-401.0474,-653.9548,True
9,18,-348.017,-717.908,True
9,18,-377.3843,-704.8996,True
9,18,-403.1252,-660.1597,False
9,19,-469.7809,-660.8923,True
9,19,-503.2289,-663.3016,True
9,19,-421.595,-615.4565,False
9,20,-370.4337,-597.5464,False
9,21,-362.5027,-594.8751,False
9,22,-241.4269,-554.1248,False
9,23,-171.958,-530.7359,False
9,24,-100.5077,-506.6767,False
9,25,-36.99356,-485.2886,False
9,26,24.53265,-464.562,False
9,27,82.07849,-445.1718,False
9,28,177.3508,-413.064,False
9,29,234.9061,-393.6622,False
9,30,205.5748,-348.6556,False
9,31,213.98,-289.286,False
9,32,224.1916,-231.5423,False
9,33,239.5089,-144.9283,False
9,34,252.6366,-70.69513,False
9,35,262.8479,-12.95302,False
9,36,332.7335,25.88978,False
9,37,399.9718,55.06971,False
9,38,453.7588,78.42028,False
9,39,515.2319,105.114,False
9,40,547.8904,119.2945,False
9,41,605.5195,144.3165,False
9,42,617.0894,162.1946,False
9,43,654.1517,275.6701,True
9,43,592.355,269.1636,False
9,44,604.5604,348.6021,False
9,45,621.7489,413.3802,False
9,46,685.1248,446.6107,True
9,46,645.7579,482.046,True
9,46,688.4364,400.0959,True
9,46,589.3348,474.2118,True
9,46,541.1522,442.1605,False
9,47,534.4987,436.3181,False
9,48,483.0689,345.2973,False
9,49,474.9301,312.808,False
9,50,448.9761,209.2044,False
9,51,436.7612,160.4476,False
9,52,413.35,66.99697,False
9,53,391.4702,-20.33999,False
9,54,386.3853,-40.63415,False
9,55,377.7342,-75.16225,False
9,56,361.4467,-140.1676,False
9,57,354.326,-168.5864,False
9,58,349.2409,-188.8808,False
9,59,336.3043,-202.7418,False
9,60,320.8273,-213.5192,False
9,61,303.3359,-220.5696,False
9,62,288.8351,-222.8245,False
9,63,268.2184,-226.3853,False
9,64,245.5401,-230.3028,False
9,65,226.9859,-233.5109,False
9,66,209.6865,-241.0219,False
9,67,194.5019,-252.2073,False
9,68,179.1958,-263.1745,False
9,69,131.5419,-297.322,False
9,70,114.5355,-309.5084,False
9,71,49.85384,-355.8575,False
9,72,-14.83971,-402.2161,False
9,73,-30.14506,-413.1845,False
9,74,-39.2052,-406.6636,False
9,75,-146.1765,-400.8715,False
9,76,-225.8835,-426.5926,False
9,77,-309.5901,-453.6077,True
9,77,-275.5333,-428.6474,False
9,78,-360.5006,-465.0481,False
9,79,-418.4479,-489.3253,True
9,79,-356.9142,-477.5409,True
9,79,-385.591,-366.883,False
9,80,-447.5371,-387.7859,True
9,80,-478.168,-335.6474,False
9,81,-414.7021,-292.9915,False
9,82,-401.2394,-304.1422,False
9,83,-382.535,-299.834,False
9,84,-310.4897,-286.3857,False
9,85,-289.9232,-282.5452,False
9,86,-269.3566,-278.705,False
9,87,-248.7908,-274.8615,False
9,88,-160.2709,-258.3268,False
9,89,-141.791,-312.7403,False
9,90,-158.8384,-392.4471,False
9,91,-175.084,-466.0601,False
9,92,-191.3759,-476.1208,False
9,93,-248.734,-534.3023,False
9,94,-321.6162,-539.1411,True
9,94,-296.9797,-568.858,False
9,95,-308.4225,-581.073,True
9,95,-351.99,-603.376,True
9,95,-328.1326,-620.1744,True
9,95,-333.3607,-596.8779,False
9,96,-357.5189,-600.3207,True
9,96,-368.4977,-644.8142,True
9,96,-392.3195,-550.264,False
9,97,-364.0927,-501.7599,False
9,98,-311.6669,-488.193,False
9,99,-264.8885,-476.7294,False
9,100,-173.361,-454.2929,False
9,101,-98.10357,-435.839,False
9,102,-37.09652,-420.8742,False
9,103,21.88584,-406.4066,False
9,104,113.4164,-383.9579,False
9,105,196.8084,-363.504,False
9,106,230.9398,-278.3598,False
9,107,251.7411,-269.2407,False
9,108,312.1255,-202.2744,False
9,109,343.5611,-147.9826,False
9,110,366.8511,-76.25829,False
9,111,383.8106,-24.52629,False
9,112,395.5464,11.27844,False
9,113,413.8073,66.9882,False
9,114,431.4164,120.7093,False
9,115,437.2816,138.6028,False
9,116,454.2392,190.3355,False
9,117,464.8286,208.3522,False
9,118,479.0958,223.685,False
9,119,498.2343,224.2829,False
9,120,584.8325,177.127,False
9,121,642.0372,146.4178,True
9,121,592.1906,115.3214,False
9,122,554.8498,56.77104,False
9,123,519.4499,-0.1349598,False
9,124,487.3667,-51.70738,False
9,125,449.7527,-112.1681,False
9,126,411.0324,-174.4079,False
9,127,374.5254,-233.0873,False
9,128,341.3327,-286.4384,False
9,129,298.1814,-355.7924,False
10,0,-19.1532,133.4498,False
10,1,41.06555,171.0379,False
10,2,102.5097,168.1376,False
10,3,119.5546,92.00245,False
10,4,127.2628,59.40713,False
10,5,138.8266,10.50563,False
10,6,152.3178,-46.5463,False
10,7,172.074,-130.0969,False
10,8,175.4436,-144.3493,False
10,9,179.2934,-160.638,False
10,10,119.1589,-220.4767,False
10,11,74.55746,-232.014,False
10,12,19.82689,-246.1748,False
10,13,-6.503224,-252.9911,False
10,14,-22.70694,-257.1853,False
10,15,-45.09274,-289.7871,False
10,16,-114.4762,-394.5567,False
10,17,-146.847,-443.435,False
10,18,-180.3732,-494.0572,False
10,19,-217.3779,-549.9308,False
10,20,-235.8706,-577.8528,False
10,21,-246.9722,-587.4628,True
10,21,-275.2247,-618.1135,True
10,21,-206.3742,-555.9926,False
10,22,-249.2506,-641.785,True
10,22,-189.2795,-506.0668,False
10,23,-148.117,-503.3829,False
10,24,-113.1774,-491.0287,False
10,25,-63.74041,-439.7874,False
10,26,-55.024,-430.7535,False
10,27,-88.6415,-352.4126,False
10,28,-71.56198,-302.624,False
10,29,-52.01454,-242.9337,False
10,30,-33.11839,-185.2316,False
10,31,-33.11843,-185.2322,False
10,32,7.710175,-116.9534,False
10,33,36.8602,-68.51498,False
10,34,91.45391,-51.37416,False
10,35,109.743,-46.89512,False
10,36,168.7288,-32.45078,False
10,37,209.4002,-22.49187,False
10,38,258.2121,-10.54039,False
10,39,333.4643,7.884876,False
10,40,408.7352,26.31431,False
10,41,465.6788,40.25796,False
10,42,446.0858,105.5397,False
10,43,452.8798,121.0949,False
10,44,468.889,162.0487,False
10,45,488.7155,212.7652,False
10,46,517.6861,286.8746,False
10,47,545.8931,359.0328,True
10,47,579.0314,338.6269,True
10,47,478.4385,308.9969,False
10,48,500.311,355.6778,True
10,48,482.9613,381.5234,False
10,49,533.6363,407.7503,True
10,49,521.5751,433.801,True
10,49,451.0006,446.8741,False
10,50,498.4449,519.874,True
10,50,517.4865,456.2351,False
10,51,517.2528,440.5382,False
10,52,470.8226,371.167,False
10,53,463.0717,354.2352,False
10,54,431.5829,278.8828,False
10,55,404.1273,213.1793,False
10,56,383.9432,164.8738,False
10,57,353.2623,91.44855,False
10,58,330.6595,37.35554,False
10,59,301.5905,-32.21117,False
10,60,265.2589,-119.1596,False
10,61,257.1926,-138.464,False
10,62,202.2282,-141.666,False
10,63,145.851,-145.9573,False
10,64,91.55495,-150.0901,False
10,65,22.66045,-155.3338,False
10,66,-29.5279,-159.3064,False
10,67,-96.33938,-164.3918,False
10,68,-142.2725,-167.8881,False
10,69,-246.1763,-211.9427,False
10,70,-290.3941,-253.6117,False
10,71,-301.5146,-268.7839,False
10,72,-335.6808,-316.4243,False
10,73,-366.1901,-358.963,False
10,74,-397.9178,-403.2006,False
10,75,-383.677,-471.1918,False
10,76,-398.4559,-483.716,True
10,76,-347.7825,-506.4738,False
10,77,-369.7369,-508.2572,True
10,77,-298.2519,-502.293,False
10,78,-335.1121,-517.2115,False
10,79,-377.8163,-534.4936,True
10,79,-362.2295,-591.5446,False
10,80,-342.1479,-677.4058,True
10,80,-299.5893,-603.9399,False
10,81,-281.2574,-599.6417,False
10,82,-171.1328,-573.8314,False
10,83,-114.0429,-560.4517,False
10,84,-56.94569,-547.0701,False
10,85,28.69223,-526.9991,False
10,86,100.0626,-510.2722,False
10,87,165.3088,-494.9804,False
10,88,222.3872,-481.6031,False
10,89,182.2998,-428.5924,False
10,90,192.4495,-395.9531,False
10,91,213.1625,-348.2224,False
10,92,238.8432,-255.3725,False
10,93,253.3549,-202.901,False
10,94,264.5152,-162.5466,False
10,95,282.9365,-95.93514,False
10,96,345.9012,-54.93312,False
10,97,409.4432,-14.3488,False
10,98,423.5485,-5.340127,False
10,99,469.4365,23.96967,False
10,100,536.504,66.80964,False
10,101,592.9815,102.8857,False
10,102,606.3331,160.2997,False
10,103,626.8593,243.6781,False
10,104,638.3729,290.4488,False
10,105,654.3919,355.5211,True
10,105,609.5807,355.7512,False
10,106,657.4632,399.2584,True
10,106,631.1348,433.5672,False
10,107,702.8177,458.2534,True
10,107,667.2682,498.5055,True
10,107,692.6176,402.3961,True
10,107,613.8439,508.7212,False
10,108,652.8415,578.9504,True
10,108,689.621,543.7505,True
10,108,606.552,590.2794,True
10,108,565.0621,555.5805,False
10,109,523.2531,491.5731,False
10,110,541.3865,437.566,False
10,111,512.642,363.6054,False
10,112,484.2751,305.2082,False
10,113,447.6696,229.85,False
10,114,416.5582,165.801,False
10,115,390.022,111.1703,False
10,116,361.6522,52.76493,False
10,117,332.3711,-7.516346,False
10,118,259.9559,-29.71957,False
10,119,190.8761,-46.99542,False
10,120,140.0813,-59.69736,False
10,121,56.77757,-80.52853,False
10,122,-14.33701,-98.31092,False
10,123,-45.71236,-160.321,False
10,124,-76.67574,-219.7582,False
10,125,-109.5724,-282.9112,False
10,126,-141.501,-344.2083,False
10,127,-166.657,-392.5022,False
10,128,-207.2947,-470.5179,False
10,129,-242.1266,-537.3874,False
10,130,-307.2061,-554.7895,False
10,131,-371.7381,-572.8717,True
10,131,-328.2125,-607.1003,True
10,131,-355.6705,-514.1832,True
10,131,-285.7824,-621.5259,True
10,131,-302.2418,-492.8792,False
10,132,-227.8097,-491.5217,False
10,133,-193.4274,-443.4944,False
10,134,-141.178,-372.7309,False
10,135,-78.02169,-369.7091,False
10,136,-38.43217,-317.7812,False
10,137,24.8797,-306.8739,False
10,138,95.94638,-302.5104,False
10,139,175.392,-297.628,False
10,140,263.1814,-292.2303,False
10,141,253.836,-226.7921,False
10,142,244.1561,-149.9067,False
10,143,235.7845,-83.41296,False
10,144,228.459,-25.23166,False
10,145,218.7775,51.65733,False
10,146,207.7878,138.9293,False
10,147,198.6288,211.656,False
10,148,235.5771,257.62,False
10,149,317.3889,274.3849,False
11,0,73.24785,86.11188,False
11,1,79.78609,140.1595,False
11,2,134.5836,206.4888,False
11,3,144.6591,214.0269,False
11,4,220.1948,191.9443,False
11,5,273.4876,130.0525,False
11,6,309.0077,88.79538,False
11,7,334.9585,58.65325,False
11,8,371.8441,15.81104,False
11,9,382.7645,3.127146,False
11,10,396.415,-12.72795,False
11,11,433.3002,-55.5699,False
11,12,448.9462,-61.83705,False
11,13,494.6726,-59.95958,False
11,14,467.8189,32.83312,False
11,15,451.366,91.29501,False
11,16,445.9431,149.4462,False
11,17,443.7854,193.366,False
11,18,442.7588,214.2617,False
11,19,446.3047,232.7836,False
11,20,481.2153,242.3888,False
11,21,507.2355,250.3083,False
11,22,523.248,255.1791,False
11,23,542.0191,256.2178,False
11,24,562.6395,253.1094,False
11,25,586.7388,258.9643,False
11,26,595.2642,285.2904,False
11,27,625.7318,370.0315,False
11,28,631.3951,385.7815,True
11,28,627.7441,388.7827,True
11,28,636.1215,385.7707,True
11,28,638.4672,381.1823,True
11,28,622.356,384.9731,True
11,29,487.9359,320.4042,False
11,30,428.592,284.0728,False
11,31,365.2069,220.0695,False
11,32,356.5369,205.7187,False
11,33,306.6347,125.7791,False
11,34,276.6994,77.82216,False
11,35,235.6667,12.08614,False
11,36,190.1967,-60.76372,False
11,37,112.129,-83.91802,False
11,38,57.79837,-99.54414,False
11,39,41.71309,-104.1694,False
11,40,-10.60747,-119.2151,False
11,41,-70.97102,-136.573,False
11,42,-127.3134,-152.775,False
11,43,-156.7791,-201.3584,False
11,44,-204.4669,-277.7369,False
11,45,-213.3305,-291.9349,False
11,46,-224.41,-309.6822,False
11,47,-234.381,-325.655,False
11,48,-263.2102,-371.8353,False
11,49,-273.1811,-387.8084,False
11,50,-290.5441,-394.5378,False
11,51,-308.3185,-400.7531,False
11,52,-363.6581,-420.1043,False
11,53,-426.9108,-442.2222,False
11,54,-484.2249,-462.2633,True
11,54,-502.305,-412.9176,False
11,55,-548.299,-442.9227,True
11,55,-566.7349,-440.4318,False
11,56,-577.4604,-448.5444,True
11,56,-609.5491,-451.6605,False
11,57,-629.0778,-491.4079,True
11,57,-575.9374,-491.1337,True
11,57,-642.595,-491.368,True
11,57,-637.9471,-473.3231,True
11,57,-714.874,-460.5801,True
11,58,-585.9572,-385.894,False
11,59,-521.4116,-435.9888,False
11,60,-467.9474,-423.72,False
11,61,-423.3386,-341.0977,False
11,62,-414.5266,-324.4583,False
11,63,-388.0712,-274.4989,False
11,64,-378.2804,-256.0092,False
11,65,-336.9296,-240.2953,False
11,66,-284.4158,-219.3607,False
11,67,-233.8466,-199.1963,False
11,68,-179.3907,-177.4824,False
11,69,-122.9877,-154.9892,False
11,70,-68.50571,-133.2635,False
11,71,-12.10697,-110.7728,False
11,72,-6.371993,-92.4302,False
11,73,17.76441,-25.44197,False
11,74,41.90181,41.55299,False
11,75,65.32462,106.5714,False
11,76,85.19337,161.7277,False
11,77,112.8763,238.5819,False
11,78,165.9039,264.2931,False
11,79,197.7302,280.236,False
11,80,216.4341,289.6098,False
11,81,280.0974,321.5088,False
11,82,340.0188,351.5335,False
11,83,390.5612,376.8592,False
11,84,404.9503,389.0483,True
11,84,405.5236,384.3577,False
11,85,426.4938,432.0707,False
11,86,459.2483,509.165,True
11,86,421.9409,516.3503,False
11,87,439.3231,583.6249,True
11,87,434.6422,582.9739,False
11,88,446.1325,638.3275,True
11,88,400.929,672.9648,True
11,88,535.8308,569.1933,False
11,89,520.3394,522.4802,False
11,90,505.5901,474.434,False
11,91,478.5458,386.3321,False
11,92,461.3421,330.2881,False
11,93,442.2887,268.2185,False
11,94,433.075,238.2012,False
11,95,426.3217,216.2002,False
11,96,417.7231,188.187,False
11,97,352.0144,196.1873,False
11,98,262.7892,208.3922,False
11,99,200.3293,146.2758,False
11,100,115.8037,133.1236,False
11,101,45.35753,122.7653,False
11,102,-45.81147,109.3543,False
11,103,-139.0515,95.62463,False
11,104,-208.4182,66.02569,False
11,105,-234.5591,-13.95037,False
11,106,-239.9148,-29.80782,False
11,107,-274.7606,-132.9845,False
11,108,-292.1841,-184.574,False
11,109,-319.6642,-265.9404,False
11,110,-345.1269,-341.334,False
11,111,-349.1436,-353.2273,False
11,112,-334.4846,-467.6435,False
11,113,-339.4726,-481.6656,False
11,114,-381.2162,-572.4252,False
11,115,-418.8364,-637.7626,True
11,115,-399.0706,-595.4468,True
11,115,-433.8498,-613.3478,False
11,116,-505.0016,-661.2084,True
11,116,-532.8511,-653.8762,False
11,117,-582.3493,-708.567,True
11,117,-545.1511,-654.3546,True
11,117,-547.3137,-608.4481,False
11,118,-563.9537,-618.2148,True
11,118,-472.4056,-553.3981,False
11,119,-418.1733,-537.042,False
11,120,-370.1833,-522.1194,False
11,121,-280.1998,-494.1414,False
11,122,-184.2068,-464.2939,False
11,123,-126.2125,-446.2622,False
11,124,-46.21901,-421.3901,False
11,125,41.77563,-394.0296,False
11,126,105.7739,-374.1298,False
11,127,203.7701,-343.6595,False
11,128,265.7664,-324.3828,False
11,129,327.7617,-305.1071,False
12,0,-124.16,-23.70643,False
12,1,-81.09954,-64.71146,False
12,2,-91.31706,-133.5694,False
12,3,-100.5588,-202.0592,False
12,4,-108.9605,-264.3226,False
12,5,-61.6446,-330.8665,False
12,6,-19.341,-382.8437,False
12,7,12.38772,-421.8277,False
12,8,65.26619,-486.8002,False
12,9,104.9264,-535.5309,False
12,10,141.9427,-581.0151,False
12,11,226.9895,-592.6042,False
13,0,136.3201,-39.68854,False
13,1,96.78561,-55.49656,False
13,2,45.26617,-78.84188,False
13,3,31.78932,-88.727,False
13,4,20.0725,-152.8738,False
13,5,7.287009,-218.6584,False
13,6,2.895196,-241.255,False
13,7,-7.892166,-296.7578,False
13,8,-23.07321,-374.868,False
13,9,-11.92449,-394.7212,False
13,10,-3.308715,-409.0705,False
13,11,6.385358,-425.213,False
13,12,43.04445,-486.2569,False
13,13,52.73848,-502.3992,False
13,14,62.43253,-518.5417,False
13,15,115.257,-606.5043,False
13,16,136.6841,-591.2699,False
13,17,142.6764,-535.429,False
13,18,142.5899,-493.8712,False
13,19,68.45535,-480.2613,False
13,20,43.59983,-476.6937,False
13,21,24.96115,-474.0182,False
13,22,4.986912,-479.9184,False
13,23,-9.326572,-488.6496,False
13,24,-22.84535,-501.8,False
13,25,-38.03444,-516.1881,False
13,26,-53.22416,-530.5754,False
13,27,-111.0091,-585.3016,False
13,28,-127.3752,-594.6726,False
13,29,-141.1806,-607.4431,True
13,29,-108.1148,-564.8391,False
13,30,-161.4122,-575.7051,False
13,31,-272.3536,-597.6239,False
13,32,-331.9304,-609.4005,False
13,33,-350.4027,-613.0514,True
13,33,-328.4997,-620.6444,False
13,34,-337.8653,-653.2291,True
13,34,-282.3061,-619.1049,False
13,35,-215.4264,-607.6927,False
13,36,-159.5494,-599.0577,False
13,37,-117.1461,-588.4755,False
13,38,-54.88618,-563.7184,False
13,39,-45.16579,-559.8533,False
13,40,57.98518,-518.8389,False
13,41,67.71511,-514.9703,False
13,42,161.1405,-477.8307,False
13,43,134.0814,-408.5463,False
13,44,116.4895,-361.4598,False
13,45,90.83729,-292.7962,False
13,46,60.78867,-212.3618,False
13,47,96.45031,-155.1228,False
13,48,144.1755,-76.29827,False
13,49,179.3457,-40.359,False
13,50,190.9946,-28.34004,False
13,51,231.7986,13.75464,False
13,52,307.5905,91.94254,False
13,53,325.0771,109.9789,False
13,54,384.8577,171.6379,False
13,55,417.0367,209.8761,False
13,56,464.7858,288.682,False
13,57,475.6299,306.5745,True
13,57,449.2744,270.6121,False
13,58,454.9782,286.3481,False
13,59,462.1083,306.0183,False
13,60,502.6267,376.9567,True
13,60,455.145,374.2466,True
13,60,429.4374,418.2662,False
13,61,458.3773,467.382,True
13,61,415.325,500.8076,False
13,62,426.2857,516.952,True
13,62,439.7384,579.196,False
13,63,508.1307,618.1034,True
13,63,548.0765,580.3807,True
13,63,557.2584,611.413,True
13,63,491.1835,619.1119,True
13,63,478.949,647.3375,True
13,64,532.1878,584.4107,True
13,64,505.8954,559.9412,True
13,64,503.8065,565.7582,True
13,64,470.769,591.4216,True
13,64,470.7558,517.5187,False
13,65,433.4103,506.6328,False
13,66,397.2795,457.9429,False
13,67,374.312,403.974,False
13,68,367.694,388.6003,False
13,69,342.8557,330.9022,False
13,70,319.6746,277.0544,False
13,71,294.8337,219.3505,False
13,72,270.8177,163.563,False
13,73,249.2929,113.5636,False
13,74,240.1925,92.4252,False
13,75,223.0134,84.08647,False
13,76,171.2317,56.59843,False
13,77,160.1452,50.71055,False
13,78,104.6699,21.25597,False
13,79,51.03737,-7.229724,False
13,80,45.97152,-25.03541,False
13,81,20.38219,-130.892,False
13,82,-4.223686,-232.6803,False
13,83,-19.97087,-297.8208,False
13,84,-36.70274,-367.0326,False
13,85,-46.54133,-407.7285,False
13,86,-19.78654,-519.4034,False
13,87,6.626148,-571.7581,False
13,88,45.30069,-648.42,True
13,88,-20.62207,-666.9391,True
13,88,43.70455,-601.808,False
13,89,84.06578,-630.1042,True
13,89,87.87183,-617.1648,True
13,89,90.51849,-656.7993,True
13,89,150.8495,-623.1707,False
13,90,165.9595,-587.78,False
13,91,168.7481,-545.4428,False
13,92,149.6346,-409.7821,False
13,93,157.4872,-353.7881,False
13,94,170.8651,-258.3943,False
13,95,182.7889,-173.3687,False
13,96,189.7421,-155.8377,False
13,97,207.3349,-148.2774,False
13,98,258.3511,-123.9195,False
13,99,277.2311,-114.9042,False
13,100,296.1111,-105.8893,False
13,101,326.3456,-91.45258,False
13,102,411.3924,-50.84227,False
13,103,460.5189,-27.3811,False
13,104,477.2729,-14.96128,False
13,105,514.3828,30.32801,False
13,106,538.7366,81.37785,False
13,107,557.8372,120.971,False
13,108,580.5833,168.1207,False
13,109,583.3106,173.774,False
13,110,629.7195,269.9729,True
13,110,618.5878,273.5481,False
13,111,622.1573,334.1889,False
13,112,667.3812,378.1969,True
13,112,628.45,354.7419,True
13,112,705.0247,304.6909,True
13,112,732.1337,345.4635,True
13,112,668.5332,356.673,True
13,113,581.0737,281.2312,False
13,114,541.3268,273.2328,False
13,115,499.4535,256.9848,False
13,116,461.1666,215.3599,False
13,117,401.3761,150.8531,False
13,118,345.8585,90.95559,False
13,119,293.1778,34.1192,False
13,120,260.4344,-1.207367,False
13,121,222.0028,-42.66861,False
13,122,163.7679,-40.49952,False
13,123,149.1412,-39.76338,False
13,124,59.20445,-35.24276,False
13,125,38.28971,-34.19106,False
13,126,-23.63834,-90.78381,False
13,127,-100.9377,-92.49008,False
13,128,-135.3475,-99.8603,False
13,129,-182.7836,-178.7946,False
13,130,-187.2663,-197.0831,False
13,131,-197.7333,-239.7852,False
13,132,-202.7139,-260.1057,False
13,133,-221.6619,-337.4078,False
13,134,-234.6256,-390.2951,False
13,135,-299.9265,-428.6438,False
13,136,-346.5819,-456.698,False
13,137,-362.719,-466.4009,False
13,138,-377.0631,-475.0262,True
13,138,-408.135,-472.1417,True
13,138,-307.5687,-512.8051,False
13,139,-300.9271,-528.1684,False
13,140,-276.8331,-583.9008,False
13,141,-194.9545,-599.3649,False
13,142,-131.6162,-566.3308,False
13,143,-73.77977,-536.8375,False
13,144,-25.28414,-512.1006,False
13,145,58.66091,-469.2726,False
13,146,110.8808,-442.6278,False
13,147,178.0252,-408.3613,False
13,148,211.5947,-391.2304,False
13,149,221.6315,-377.9677,False
14,0,145.4869,-50.34359,False
14,1,153.4119,-100.7509,False
14,2,95.4102,-131.7139,False
14,3,55.86215,-150.9102,False
14,4,5.001199,-175.5918,False
14,5,-30.48738,-239.5126,False
14,6,-57.53852,-289.1539,False
14,7,-69.55278,-311.1986,False
14,8,-96.60488,-360.8392,False
14,9,-114.6404,-393.9335,False
14,10,-151.7274,-461.9876,False
14,11,-160.7375,-478.5215,False
14,12,-216.7537,-479.4354,False
14,13,-235.5837,-479.4498,False
14,14,-319.3591,-479.5149,False
14,15,-388.474,-479.568,True
14,15,-336.5423,-530.6671,False
14,16,-364.5942,-613.9395,False
14,17,-375.8869,-631.5162,True
14,17,-345.136,-605.0775,False
14,18,-365.0422,-605.1304,True
14,18,-400.9175,-618.5085,False
14,19,-424.4547,-683.974,True
14,19,-456.3637,-618.0969,True
14,19,-429.046,-671.0605,True
14,19,-444.8009,-585.7641,False
14,20,-476.7776,-596.1862,True
14,20,-419.7595,-549.1072,False
14,21,-372.4352,-518.1298,False
14,22,-337.4958,-495.0418,False
14,23,-255.3781,-440.7772,False
14,24,-206.4673,-408.4562,False
14,25,-154.0509,-373.8187,False
14,26,-110.3763,-344.9597,False
14,27,-17.77222,-283.7673,False
14,28,-24.32373,-269.6711,False
14,29,-6.135783,-188.0728,False
14,30,7.9349,-126.8495,False
14,31,29.98217,-30.91839,False
14,32,33.26189,-16.64395,False
14,33,52.48982,67.03335,False
14,34,117.5313,114.6143,False
14,35,170.0062,145.1966,False
14,36,235.1458,183.1584,False
14,37,296.6643,219.009,False
14,38,367.2342,260.1354,False
14,39,426.9458,294.9335,False
14,40,439.3215,361.1804,False
14,41,453.2513,431.0114,True
14,41,485.5837,401.6114,True
14,41,397.0421,420.8919,False
14,42,364.5193,519.0151,False
14,43,369.2024,525.4614,True
14,43,389.4691,605.6442,True
14,43,338.1485,611.4959,True
14,43,390.0806,577.3405,True
14,43,257.6951,617.1473,False
14,44,207.6508,612.3,False
14,45,160.0067,558.7421,False
14,46,142.4036,485.3947,False
14,47,148.4139,454.5704,False
14,48,128.6653,372.4525,False
14,49,122.0375,348.2239,False
14,50,106.0188,289.649,False
14,51,103.8122,281.5766,False
14,52,76.19271,180.5702,False
14,53,65.84557,157.8323,False
14,54,5.811575,161.5403,False
14,55,-57.09799,116.6686,False
14,56,-82.49435,98.23506,False
14,57,-162.1534,40.41568,False
14,58,-228.2568,-7.567006,False
14,59,-268.9277,-37.08996,False
14,60,-331.6346,-82.60867,False
14,61,-354.6689,-156.3981,False
14,62,-364.4055,-188.4603,False
14,63,-373.5299,-218.5077,False
14,64,-411.2571,-342.7502,False
14,65,-430.7229,-406.8649,False
14,66,-398.8497,-473.1963,False
14,67,-457.2675,-511.8369,False
14,68,-533.329,-563.8601,False
14,69,-593.8257,-605.2378,True
14,69,-500.3094,-572.9452,False
14,70,-558.4962,-619.0325,True
14,70,-553.8513,-626.8297,True
14,70,-484.698,-652.7201,True
14,70,-506.1242,-659.7646,True
14,70,-501.5968,-633.7598,True
14,71,-485.3268,-553.5649,True
14,71,-450.6939,-620.5728,True
14,71,-467.7439,-615.6061,False
14,72,-480.2243,-637.3903,True
14,72,-515.6277,-590.0479,True
14,72,-526.7652,-580.5397,True
14,72,-468.4805,-619.3807,True
14,72,-497.8022,-636.7907,True
14,73,-496.5907,-426.0762,False
14,74,-460.9521,-462.2022,False
14,75,-413.645,-489.0943,False
14,76,-356.5339,-477.0142,False
14,77,-293.1797,-462.8548,False
14,78,-235.9661,-450.0671,False
14,79,-182.8359,-438.1906,False
14,80,-189.894,-368.2191,False
14,81,-197.3157,-303.7196,False
14,82,-208.0898,-210.0925,False
14,83,-156.757,-157.2132,False
14,84,-101.9787,-99.48012,False
14,85,-63.06049,-58.46341,False
14,86,-27.67974,-73.36256,False
14,87,-3.61779,-68.48012,False
14,88,14.49783,-63.34485,False
14,89,72.91376,-46.78561,False
14,90,127.3036,-31.36669,False
14,91,201.8483,-10.23482,False
14,92,208.7293,-28.8138,False
14,93,241.2661,-103.7302,False
14,94,256.2772,-138.294,False
14,95,279.6361,-192.0799,False
14,96,302.9885,-245.8534,False
14,97,323.011,-291.9589,False
14,98,361.3885,-380.333,False
15,0,54.87068,60.12881,False
15,1,114.4419,72.43599,False
15,2,174.5374,29.87284,False
15,3,191.616,-24.25602,False
15,4,198.1438,-44.13373,False
15,5,203.3656,-60.03566,False
15,6,234.073,-153.5437,False
15,7,256.2877,-221.1898,False
15,8,321.4432,-228.4452,False
15,9,381.6794,-236.0747,False
15,10,441.9159,-243.7044,False
16,0,-104.148,56.715,False
16,1,-117.5396,43.31327,False
16,2,-147.4194,-2.228743,False
16,3,-151.5185,-22.47576,False
16,4,-154.8903,-47.35481,False
16,5,-133.0286,-101.9027,False
16,6,-121.0435,-119.0872,False
16,7,-89.25285,-165.8351,False
16,8,-78.66456,-181.4058,False
16,9,-46.87703,-228.1554,False
16,10,-15.08889,-274.905,False
16,11,-8.990462,-292.759,False
16,12,-11.05334,-311.3683,False
16,13,-60.57452,-414.3301,False
16,14,-74.41377,-427.0638,False
16,15,-163.7193,-477.4318,False
16,16,-178.3516,-485.558,False
16,17,-198.4706,-496.7327,False
16,18,-214.9313,-505.8761,False
16,19,-286.3235,-545.5356,False
16,20,-330.2571,-569.9466,False
16,21,-382.5881,-614.8199,True
16,21,-355.8636,-584.0703,False
16,22,-400.406,-622.2315,True
16,22,-366.9605,-599.4764,True
16,22,-371.2328,-590.8902,False
16,23,-378.3513,-606.2983,True
16,23,-354.4376,-644.2319,True
16,23,-370.869,-640.3439,True
16,23,-319.8034,-568.976,True
16,23,-330.2003,-556.7322,False
16,24,-369.0036,-531.6863,True
16,24,-336.0685,-575.4678,True
16,24,-309.5875,-530.8706,False
16,25,-322.0469,-523.0034,False
16,26,-331.7227,-502.7802,False
16,27,-330.1031,-490.2127,False
16,28,-321.9116,-471.3374,False
16,29,-306.9899,-453.9051,False
16,30,-248.3037,-448.7446,False
16,31,-231.6503,-447.0654,False
16,32,-211.7809,-440.5922,False
16,33,-154.2515,-421.1775,False
16,34,-106.6354,-405.1131,False
16,35,-88.7935,-399.0952,False
16,36,-72.09847,-345.5209,False
16,37,-39.42437,-235.06,False
16,38,-24.57445,-184.857,False
16,39,2.753264,-92.47002,False
16,40,19.38134,-36.25237,False
16,41,38.38977,28.01374,False
16,42,97.68891,43.36855,False
16,43,154.2123,58.92762,False
16,44,212.7694,75.04762,False
16,45,273.3491,91.72427,False
16,46,376.322,120.0706,False
16,47,396.4936,125.6233,False
16,48,414.6482,130.6213,False
16,49,489.4278,201.3418,False
16,50,518.2206,252.4292,False
16,51,551.1237,310.811,False
16,52,578.8812,360.0606,False
16,53,603.558,403.8428,True
16,53,558.0284,345.1753,False
16,54,567.5447,365.2453,False
16,55,620.5159,342.941,False
16,56,615.8215,289.4203,False
16,57,575.7745,250.5964,False
16,58,516.6265,197.3606,False
16,59,471.4951,156.7434,False
16,60,457.4987,144.1474,False
16,61,448.1672,135.7505,False
16,62,378.1194,72.71726,False
16,63,306.5117,8.284107,False
16,64,257.767,-20.39345,False
16,65,212.7055,-2.196839,False
16,66,122.2304,-6.047037,False
16,67,76.79686,-22.0517,False
16,68,-8.130357,-51.96762,False
16,69,-106.9017,-86.76205,False
16,70,-179.9803,-112.5112,False
16,71,-141.4538,-153.1441,False
16,72,-154.8061,-257.1172,False
16,73,-169.7439,-300.6843,False
16,74,-200.3089,-389.8294,False
16,75,-215.9275,-435.3824,False
16,76,-218.6418,-443.2988,False
16,77,-255.3194,-550.2725,False
16,78,-270.2022,-553.1895,False
16,79,-361.41,-576.8798,True
16,79,-345.5313,-653.6087,True
16,79,-392.9969,-612.7406,True
16,79,-281.6723,-564.1644,False
16,80,-190.144,-541.6512,False
16,81,-112.87,-522.6389,False
16,82,-45.7633,-506.12,False
16,83,-17.31026,-499.1129,False
16,84,0.9722054,-494.6077,False
16,85,23.31734,-489.101,False
16,86,78.20724,-475.5732,False
16,87,118.8652,-465.5501,False
16,88,115.7589,-388.5565,False
16,89,113.2554,-357.2594,False
16,90,111.2534,-332.2336,False
16,91,109.5854,-311.3792,False
16,92,156.8804,-263.3869,False
16,93,158.1046,-243.3513,False
16,94,167.0778,-139.661,False
16,95,174.1823,-122.2485,False
16,96,213.2923,-108.2384,False
16,97,266.8432,-90.11747,False
16,98,294.6015,-80.72077,False
16,99,310.4551,-75.35206,False
16,100,330.2713,-68.64038,False
16,101,343.9629,-118.1908,False
16,102,380.6125,-240.5735,False
16,103,402.2399,-312.7928,False
17,0,137.1373,103.3278,False
17,1,168.7083,62.58758,False
17,2,214.0199,-12.8001,False
17,3,224.7974,-30.73219,False
17,4,266.8668,-100.734,False
17,5,301.3867,-158.1742,False
17,6,338.066,-219.2104,False
17,7,380.1371,-289.2236,False
18,0,175.7257,142.2257,False
18,1,208.5955,90.51517,False
18,2,236.5728,4.921514,False
18,3,263.9029,-78.69212,False
18,4,291.8801,-164.2854,False
18,5,317.2594,-241.9322,False
18,6,342.6333,-319.5636,False
19,0,-188.4706,-13.7432,False
19,1,-130.9808,-30.06202,False
19,2,-138.1929,-90.28944,False
19,3,-202.6675,-135.4468,False
19,4,-261.2411,-168.0133,False
19,5,-291.6309,-248.5732,False
19,6,-309.7203,-306.557,False
19,7,-332.7979,-380.5334,False
19,8,-353.3796,-446.5095,False
19,9,-419.7937,-473.2637,True
19,9,-326.1884,-498.9406,False
19,10,-374.301,-532.1393,True
19,10,-284.869,-557.3979,False
19,11,-335.5462,-615.3904,True
19,11,-225.105,-525.3195,False
19,12,-150.8941,-463.8844,False
19,13,-100.8835,-422.4821,False
19,14,-44.42329,-375.7397,False
19,15,8.80969,-331.6653,False
19,16,60.42709,-288.9271,False
19,17,66.87391,-228.224,False
19,18,75.02679,-159.5916,False
19,19,84.16785,-82.6405,False
19,20,92.56757,-11.92973,False
19,21,100.9669,58.77753,False
19,22,109.1195,127.4085,False
19,23,116.2837,187.7188,False
19,24,178.471,238.2599,False
19,25,232.4171,278.0295,False
19,26,284.673,316.5537,False
19,27,325.131,346.3805,False
19,28,390.87,394.8548,True
19,28,340.0306,410.3507,False
19,29,353.1168,484.6068,True
19,29,401.0412,455.6491,True
19,29,403.4758,411.169,True
19,29,305.0699,476.9406,False
19,30,317.5509,547.4031,False
19,31,332.8864,612.6438,False
19,32,346.3051,669.7297,True
19,32,290.2556,673.5289,True
19,32,382.5377,656.9475,True
19,32,396.6492,613.1088,True
19,32,270.9117,615.4704,False
19,33,199.7786,570.34,False
19,34,153.59,530.9024,False
19,35,96.25225,481.948,False
19,36,42.09953,435.7128,False
19,37,45.58358,366.2654,False
19,38,48.26873,295.1106,False
19,39,50.79612,228.139,False
19,40,53.48157,156.9804,False
19,41,55.45623,104.6564,False
19,42,58.77336,16.76048,False
19,43,61.14282,-46.02385,False
19,44,63.43356,-106.7185,False
19,45,121.205,-161.2162,False
19,46,177.8468,-207.742,False
19,47,224.7784,-246.2913,False
19,48,274.9501,-287.5016,False
19,49,358.0056,-287.7251,False
20,0,-65.39169,148.3644,False
20,1,7.480717,158.8989,False
20,2,14.51987,103.7771,False
20,3,24.01705,39.55226,False
20,4,36.88452,-47.464,False
20,5,96.69927,-78.66838,False
20,6,111.6683,-139.9579,False
20,7,124.794,-214.197,False
20,8,175.3605,-262.8063,False
20,9,181.2527,-339.9026,False
20,10,222.8768,-384.5227,False
20,11,283.4998,-451.1091,False
